J, Z, Average Z, D Avg Z, Avg D Avg Z, D Avg D Avg Z, Avg DD Avg Z
1, 0.0307222, 
2, 0.0307414, 
3, 0.0307013, 
4, 0.0306926, 
5, 0.0306835, 
6, 0.0306748, 
7, 0.0306675, 
8, 0.0306654, 0.030682, 
9, 0.0306673, 0.0306779, -4.05436e-06, 
10, 0.0306693, 0.0306724, -5.46885e-06, 
11, 0.0306703, 0.0306696, -2.84625e-06, 
12, 0.03067, 0.0306672, -2.34519e-06, 
13, 0.0306697, 0.0306654, -1.81484e-06, 
14, 0.0306686, 0.0306642, -1.25493e-06, 
15, 0.0306656, 0.0306634, -7.53999e-07, 
16, 0.0306614, 0.0306628, -6.36031e-07, -1.95039e-06
17, 0.0306593, 0.030662, -7.83429e-07, -1.79323e-06, 1.57158e-07
 18, 0.0306586, 0.0306609, -1.0781e-06, -1.55357e-06, 2.3966e-07
 19, 0.0306574, 0.0306596, -1.37289e-06, -1.5025e-06, 5.10696e-08
 20, 0.0306563, 0.030658, -1.5496e-06, -1.49662e-06, 5.87768e-09
 21, 0.030656, 0.0306563, -1.69699e-06, -1.53788e-06, -4.12597e-08
 22, 0.0306561, 0.0306545, -1.81496e-06, -1.63416e-06, -9.62781e-08
 23, 0.0306559, 0.0306527, -1.78541e-06, -1.78347e-06, -1.4931e-07
 24, 0.0306556, 0.030651, -1.69699e-06, -1.9603e-06, -1.76827e-07, -5.40973e-08
25, 0.0306531, 0.0306491, -1.87395e-06, -2.14104e-06, -1.80743e-07, -6.94206e-08
26, 0.0306497, 0.0306471, -2.0802e-06, -2.29624e-06, -1.55204e-07, -8.86713e-08
27, 0.0306468, 0.0306448, -2.25703e-06, -2.42393e-06, -1.27686e-07, -9.39088e-08
28, 0.0306443, 0.0306424, -2.43373e-06, -2.53003e-06, -1.06096e-07, -9.49546e-08
29, 0.0306413, 0.0306397, -2.6991e-06, -2.61647e-06, -8.64433e-08, -9.20732e-08
30, 0.0306389, 0.0306367, -2.99364e-06, -2.68915e-06, -7.26846e-08, -8.44747e-08
31, 0.0306359, 0.0306334, -3.28844e-06, -2.76185e-06, -7.26928e-08, -7.16398e-08
32, 0.0306312, 0.0306299, -3.49457e-06, -2.83454e-06, -7.26928e-08, -5.48733e-08
33, 0.0306274, 0.0306265, -3.40616e-06, -2.88364e-06, -4.90993e-08, -3.65376e-08
34, 0.0306236, 0.0306232, -3.28819e-06, -2.91113e-06, -2.74926e-08, -2.01662e-08
35, 0.0306198, 0.0306201, -3.14104e-06, -2.92094e-06, -9.80993e-09, -6.02283e-09
36, 0.0306155, 0.0306171, -2.99364e-06, -2.91898e-06, 1.96199e-09, 6.15915e-09
37, 0.0306112, 0.0306142, -2.90523e-06, -2.90128e-06, 1.76993e-08, 1.63753e-08
38, 0.0306065, 0.0306113, -2.8758e-06, -2.85807e-06, 4.32134e-08, 2.58055e-08
39, 0.0306032, 0.0306085, -2.78739e-06, -2.7834e-06, 7.46714e-08, 3.53671e-08
40, 0.030602, 0.0306059, -2.61044e-06, -2.6891e-06, 9.42912e-08, 4.44044e-08
41, 0.0306004, 0.0306034, -2.49259e-06, -2.59874e-06, 9.03673e-08, 5.08201e-08
42, 0.0305997, 0.030601, -2.40418e-06, -2.51427e-06, 8.44647e-08, 5.46172e-08
43, 0.0305994, 0.0305986, -2.4043e-06, -2.43764e-06, 7.66334e-08, 5.60565e-08
44, 0.0305978, 0.0305961, -2.43361e-06, -2.37084e-06, 6.67986e-08, 5.63192e-08
45, 0.0305957, 0.0305938, -2.34544e-06, -2.30207e-06, 6.87689e-08, 5.59241e-08
46, 0.0305941, 0.0305916, -2.16837e-06, -2.23134e-06, 7.07308e-08, 5.34367e-08
47, 0.0305921, 0.0305896, -2.0802e-06, -2.16847e-06, 6.28663e-08, 4.80645e-08
48, 0.03059, 0.0305875, -2.05065e-06, -2.12134e-06, 4.71373e-08, 4.12552e-08
49, 0.0305875, 0.0305855, -2.02122e-06, -2.09187e-06, 2.94629e-08, 3.44449e-08
50, 0.0305837, 0.0305835, -1.99154e-06, -2.08009e-06, 1.17802e-08, 2.78977e-08
51, 0.030579, 0.0305815, -1.99166e-06, -2.07419e-06, 5.90252e-09, 2.14781e-08
52, 0.0305761, 0.0305796, -1.8737e-06, -2.06242e-06, 1.17719e-08, 1.54531e-08
53, 0.030574, 0.0305778, -1.81484e-06, -2.05652e-06, 5.90252e-09, 8.24807e-09
54, 0.030572, 0.030576, -1.84439e-06, -2.06243e-06, -5.91079e-09, 3.89086e-10
55, 0.0305712, 0.0305741, -1.90337e-06, -2.07028e-06, -7.84794e-09, -6.94504e-09
56, 0.0305701, 0.030572, -2.05065e-06, -2.08206e-06, -1.17885e-08, -1.28371e-08
57, 0.0305698, 0.0305698, -2.22748e-06, -2.09581e-06, -1.37422e-08, -1.62417e-08
58, 0.0305695, 0.0305675, -2.31576e-06, -2.11547e-06, -1.96613e-08, -1.68963e-08
59, 0.0305697, 0.0305652, -2.25703e-06, -2.13905e-06, -2.35769e-08, -1.61115e-08
60, 0.0305685, 0.030563, -2.25691e-06, -2.17835e-06, -3.9306e-08, -1.55855e-08
61, 0.0305664, 0.0305607, -2.25703e-06, -2.2255e-06, -4.71539e-08, -1.41456e-08
62, 0.0305635, 0.0305585, -2.19792e-06, -2.27265e-06, -4.71456e-08, -1.16555e-08
63, 0.0305592, 0.0305563, -2.22748e-06, -2.31389e-06, -4.12431e-08, -9.29888e-09
64, 0.0305541, 0.030554, -2.22735e-06, -2.3355e-06, -2.16067e-08, -6.67958e-09
65, 0.030549, 0.0305518, -2.28646e-06, -2.33354e-06, 1.96199e-09, -3.79924e-09
66, 0.0305451, 0.0305494, -2.34532e-06, -2.31586e-06, 1.76744e-08, -2.6215e-10
67, 0.0305422, 0.0305469, -2.46329e-06, -2.2962e-06, 1.96613e-08, 3.40464e-09
68, 0.0305402, 0.0305444, -2.52215e-06, -2.2687e-06, 2.75009e-08, 7.33523e-09
69, 0.030539, 0.0305419, -2.55158e-06, -2.23726e-06, 3.14415e-08, 9.95508e-09
70, 0.0305378, 0.0305394, -2.52202e-06, -2.20976e-06, 2.75009e-08, 1.06096e-08
71, 0.0305367, 0.030537, -2.37475e-06, -2.18226e-06, 2.75009e-08, 9.03673e-09
72, 0.0305355, 0.0305348, -2.19805e-06, -2.1528e-06, 2.94629e-08, 4.19054e-09
73, 0.0305343, 0.0305327, -2.05065e-06, -2.1194e-06, 3.33952e-08, -3.92894e-09
74, 0.0305327, 0.0305308, -1.96211e-06, -2.08798e-06, 3.14249e-08, -1.42748e-08
75, 0.0305307, 0.0305289, -1.84439e-06, -2.06832e-06, 1.9653e-08, -2.50163e-08
76, 0.0305282, 0.0305271, -1.78541e-06, -2.07618e-06, -7.85622e-09, -3.6148e-08
77, 0.0305257, 0.0305254, -1.78541e-06, -2.11351e-06, -3.73274e-08, -4.64949e-08
78, 0.0305236, 0.0305235, -1.81496e-06, -2.17834e-06, -6.48366e-08, -5.51387e-08
79, 0.0305211, 0.0305218, -1.78541e-06, -2.27264e-06, -9.42995e-08, -6.27344e-08
80, 0.0305182, 0.03052, -1.78553e-06, -2.39247e-06, -1.1983e-07, -7.07237e-08
81, 0.0305157, 0.0305181, -1.87395e-06, -2.52999e-06, -1.37513e-07, -7.93669e-08
82, 0.0305145, 0.0305159, -2.16849e-06, -2.67145e-06, -1.41462e-07, -8.78788e-08
83, 0.0305134, 0.0305133, -2.63999e-06, -2.81092e-06, -1.39475e-07, -9.35109e-08
84, 0.0305122, 0.0305102, -3.11149e-06, -2.93468e-06, -1.23762e-07, -9.36417e-08
85, 0.0305106, 0.0305067, -3.49457e-06, -3.03684e-06, -1.02156e-07, -8.81409e-08
86, 0.0305099, 0.0305029, -3.78924e-06, -3.12328e-06, -8.6435e-08, -7.79248e-08
87, 0.0305087, 0.0304989, -3.9955e-06, -3.21365e-06, -9.03755e-08, -6.40424e-08
88, 0.0305062, 0.0304948, -4.11334e-06, -3.3099e-06, -9.62532e-08, -4.71478e-08
89, 0.0305002, 0.0304907, -4.08404e-06, -3.40616e-06, -9.62532e-08, -2.8289e-08
90, 0.0304911, 0.0304868, -3.93651e-06, -3.47099e-06, -6.48283e-08, -9.95177e-09
91, 0.0304815, 0.0304831, -3.64184e-06, -3.4808e-06, -9.81821e-09, 5.76399e-09
92, 0.0304733, 0.0304798, -3.31774e-06, -3.43562e-06, 4.51836e-08, 1.63714e-08
93, 0.0304668, 0.0304767, -3.11149e-06, -3.34721e-06, 8.84053e-08, 2.09549e-08
94, 0.0304612, 0.0304735, -3.14104e-06, -3.23328e-06, 1.13936e-07, 2.13473e-08
95, 0.0304565, 0.0304703, -3.22933e-06, -3.09969e-06, 1.33589e-07, 2.06933e-08
96, 0.0304544, 0.030467, -3.31774e-06, -2.95432e-06, 1.45369e-07, 1.9776e-08
97, 0.0304555, 0.0304639, -3.14092e-06, -2.82072e-06, 1.33597e-07, 1.8728e-08
98, 0.0304587, 0.0304611, -2.78726e-06, -2.72446e-06, 9.62615e-08, 1.4405e-08
99, 0.0304624, 0.0304586, -2.43373e-06, -2.68911e-06, 3.53489e-08, 4.84288e-09
100, 0.0304639, 0.0304565, -2.16849e-06, -2.72252e-06, -3.34034e-08, -9.56323e-09
101, 0.0304628, 0.0304544, -2.0802e-06, -2.80307e-06, -8.05491e-08, -2.76372e-08
102, 0.0304603, 0.0304524, -1.99166e-06, -2.90325e-06, -1.00185e-07, -4.71506e-08
103, 0.0304564, 0.0304505, -1.9328e-06, -3.01326e-06, -1.10012e-07, -6.77125e-08
104, 0.0304531, 0.0304484, -2.08008e-06, -3.12524e-06, -1.11974e-07, -8.85366e-08
105, 0.0304493, 0.0304459, -2.49259e-06, -3.25491e-06, -1.29673e-07, -1.06742e-07
106, 0.030445, 0.0304428, -3.11161e-06, -3.40816e-06, -1.5325e-07, -1.19054e-07
107, 0.0304407, 0.030439, -3.8188e-06, -3.57907e-06, -1.70908e-07, -1.2272e-07
108, 0.0304356, 0.0304346, -4.31972e-06, -3.76177e-06, -1.82705e-07, -1.16432e-07
109, 0.0304313, 0.03043, -4.64382e-06, -3.94054e-06, -1.78764e-07, -1.02418e-07
110, 0.0304275, 0.0304251, -4.87951e-06, -4.11538e-06, -1.7484e-07, -8.31661e-08
111, 0.0304232, 0.0304201, -4.99735e-06, -4.28237e-06, -1.66992e-07, -6.01157e-08
112, 0.0304181, 0.030415, -5.08601e-06, -4.42185e-06, -1.39483e-07, -3.49703e-08
113, 0.0304121, 0.0304099, -5.08601e-06, -4.51028e-06, -8.84218e-08, -7.59518e-09
114, 0.0304052, 0.030405, -4.99735e-06, -4.52991e-06, -1.96364e-08, 2.1482e-08
115, 0.0303991, 0.0304, -4.90906e-06, -4.469e-06, 6.09126e-08, 5.10795e-08
116, 0.0303931, 0.0303953, -4.76167e-06, -4.33933e-06, 1.29665e-07, 7.98934e-08
117, 0.0303871, 0.0303907, -4.61427e-06, -4.15074e-06, 1.88591e-07, 1.06218e-07
118, 0.0303815, 0.0303862, -4.43769e-06, -3.915e-06, 2.35745e-07, 1.2966e-07
119, 0.0303768, 0.0303821, -4.17233e-06, -3.64979e-06, 2.65208e-07, 1.49438e-07
120, 0.030373, 0.0303782, -3.81892e-06, -3.36884e-06, 2.80953e-07, 1.64106e-07
121, 0.03037, 0.0303748, -3.40616e-06, -3.08593e-06, 2.82907e-07, 1.71836e-07
122, 0.0303671, 0.0303719, -2.90511e-06, -2.81288e-06, 2.73056e-07, 1.71311e-07
123, 0.0303642, 0.0303696, -2.37475e-06, -2.56337e-06, 2.49503e-07, 1.61356e-07
124, 0.0303621, 0.0303677, -1.81496e-06, -2.34727e-06, 2.161e-07, 1.42889e-07
125, 0.0303609, 0.0303664, -1.34334e-06, -2.17048e-06, 1.76794e-07, 1.16695e-07
126, 0.0303607, 0.0303654, -1.01924e-06, -2.0408e-06, 1.29681e-07, 8.46071e-08
127, 0.0303608, 0.0303645, -8.71718e-07, -1.96026e-06, 8.05408e-08, 4.93764e-08
128, 0.030361, 0.0303637, -8.42412e-07, -1.93274e-06, 2.75175e-08, 1.32262e-08
129, 0.0303616, 0.0303628, -9.0152e-07, -1.96024e-06, -2.75009e-08, -2.21365e-08
130, 0.0303635, 0.0303616, -1.16651e-06, -2.04866e-06, -8.84218e-08, -5.54014e-08
131, 0.0303659, 0.0303601, -1.52017e-06, -2.196e-06, -1.47339e-07, -8.35613e-08
132, 0.0303669, 0.0303581, -1.96236e-06, -2.40031e-06, -2.04311e-07, -1.05171e-07
133, 0.0303662, 0.0303556, -2.49247e-06, -2.64589e-06, -2.45579e-07, -1.19314e-07
134, 0.0303637, 0.0303527, -2.96421e-06, -2.90915e-06, -2.63254e-07, -1.25341e-07
135, 0.0303603, 0.0303492, -3.40616e-06, -3.17045e-06, -2.613e-07, -1.24293e-07
136, 0.0303565, 0.0303454, -3.81867e-06, -3.41798e-06, -2.47533e-07, -1.16566e-07
137, 0.0303496, 0.0303412, -4.23143e-06, -3.6439e-06, -2.25918e-07, -1.02291e-07
138, 0.0303414, 0.0303366, -4.58484e-06, -3.81679e-06, -1.72895e-07, -8.10723e-08
139, 0.0303327, 0.0303317, -4.87963e-06, -3.92484e-06, -1.0805e-07, -5.39621e-08
140, 0.0303236, 0.0303267, -5.02703e-06, -3.96019e-06, -3.53489e-08, -2.16122e-08
141, 0.0303162, 0.0303217, -4.96805e-06, -3.92092e-06, 3.92728e-08, 1.4144e-08
142, 0.0303097, 0.0303169, -4.79122e-06, -3.82465e-06, 9.62698e-08, 5.08163e-08
143, 0.0303037, 0.0303124, -4.55541e-06, -3.68123e-06, 1.43415e-07, 8.69654e-08
144, 0.0302981, 0.0303081, -4.29029e-06, -3.4946e-06, 1.86629e-07, 1.21541e-07
145, 0.0302947, 0.0303043, -3.75994e-06, -3.26475e-06, 2.29859e-07, 1.53629e-07
146, 0.0302927, 0.0303012, -3.14092e-06, -3.00543e-06, 2.59313e-07, 1.79432e-07
147, 0.0302915, 0.0302987, -2.49259e-06, -2.7245e-06, 2.80937e-07, 1.97374e-07
148, 0.0302917, 0.0302968, -1.90337e-06, -2.43373e-06, 2.90763e-07, 2.06803e-07
149, 0.0302918, 0.0302953, -1.52017e-06, -2.1469e-06, 2.86831e-07, 2.08376e-07
150, 0.030292, 0.030294, -1.25493e-06, -1.86596e-06, 2.80937e-07, 2.04315e-07
151, 0.0302922, 0.030293, -1.01924e-06, -1.59486e-06, 2.71102e-07, 1.95671e-07
152, 0.0302932, 0.0302922, -7.83553e-07, -1.33946e-06, 2.55406e-07, 1.82574e-07
153, 0.0302942, 0.0302915, -6.95139e-07, -1.12531e-06, 2.14146e-07, 1.64239e-07
154, 0.0302953, 0.0302909, -6.65585e-07, -9.64229e-07, 1.61082e-07, 1.39486e-07
155, 0.030295, 0.0302902, -6.65585e-07, -8.5815e-07, 1.0608e-07, 1.06744e-07
156, 0.0302934, 0.0302895, -6.65585e-07, -7.95283e-07, 6.28663e-08, 6.57494e-08
157, 0.0302909, 0.030289, -5.77172e-07, -7.59918e-07, 3.53654e-08, 1.61109e-08
158, 0.0302884, 0.0302885, -4.88882e-07, -7.46167e-07, 1.37505e-08, -4.45291e-08
159, 0.0302864, 0.030288, -4.59204e-07, -7.55994e-07, -9.82649e-09, -1.18264e-07
160, 0.0302843, 0.0302875, -5.47742e-07, -8.01161e-07, -4.51671e-08, -2.06409e-07
161, 0.0302827, 0.0302867, -7.24693e-07, -9.13135e-07, -1.11974e-07, -3.10007e-07
162, 0.0302815, 0.0302858, -9.01396e-07, -1.12334e-06, -2.10206e-07, -4.2945e-07
163, 0.0302817, 0.0302849, -9.6038e-07, -1.44749e-06, -3.2415e-07, -5.65527e-07
164, 0.0302832, 0.0302839, -9.89685e-07, -1.90524e-06, -4.57747e-07, -7.22822e-07
165, 0.0302847, 0.0302828, -1.04867e-06, -2.5339e-06, -6.28663e-07, -9.05788e-07
166, 0.0302853, 0.0302817, -1.16664e-06, -3.36882e-06, -8.3492e-07, -1.11639e-06
167, 0.030285, 0.0302802, -1.46106e-06, -4.43559e-06, -1.06677e-06, -1.35502e-06
168, 0.0302834, 0.0302778, -2.37475e-06, -5.77541e-06, -1.33982e-06, -1.62076e-06
169, 0.0302818, 0.030274, -3.81867e-06, -7.40598e-06, -1.63057e-06, -1.90496e-06
170, 0.0302806, 0.0302685, -5.52783e-06, -9.34106e-06, -1.93508e-06, -2.19925e-06
171, 0.0302785, 0.030261, -7.53179e-06, -1.16376e-05, -2.29655e-06, -2.50114e-06
172, 0.0302752, 0.0302509, -1.00071e-05, -1.43467e-05, -2.70913e-06, -2.80735e-06
173, 0.0302709, 0.0302379, -1.30127e-05, -1.7492e-05, -3.14525e-06, -3.11211e-06
174, 0.0302644, 0.0302215, -1.64607e-05, -2.10812e-05, -3.58923e-06, -3.40889e-06
175, 0.0302487, 0.0302008, -2.06451e-05, -2.51125e-05, -4.03128e-06, -3.69179e-06
176, 0.0302254, 0.0301756, -2.51832e-05, -2.94876e-05, -4.37506e-06, -3.95058e-06
177, 0.0301986, 0.0301457, -2.99276e-05, -3.41121e-05, -4.62456e-06, -4.18083e-06
178, 0.0301687, 0.0301103, -3.54086e-05, -3.89646e-05, -4.85245e-06, -4.38095e-06
179, 0.0301331, 0.0300687, -4.16266e-05, -4.40154e-05, -5.05086e-06, -4.54074e-06
180, 0.0300895, 0.0300205, -4.82275e-05, -4.92156e-05, -5.20017e-06, -4.6501e-06
181, 0.0300384, 0.0299655, -5.5005e-05, -5.45022e-05, -5.28662e-06, -4.70314e-06
182, 0.0299753, 0.0299035, -6.19302e-05, -5.98124e-05, -5.31018e-06, -4.69581e-06
183, 0.0299056, 0.0298355, -6.80007e-05, -6.50342e-05, -5.22179e-06, -4.62482e-06
184, 0.0298329, 0.0297623, -7.31871e-05, -7.01184e-05, -5.08426e-06, -4.50105e-06
185, 0.0297495, 0.029684, -7.83145e-05, -7.50554e-05, -4.93692e-06, -4.33577e-06
186, 0.0296541, 0.0296007, -8.32948e-05, -7.97487e-05, -4.69332e-06, -4.12818e-06
187, 0.0295518, 0.0295127, -8.80096e-05, -8.40982e-05, -4.34951e-06, -3.88051e-06
188, 0.0294458, 0.0294204, -9.23119e-05, -8.80391e-05, -3.94089e-06, -3.59853e-06
189, 0.0293355, 0.0293243, -9.61134e-05, -9.15183e-05, -3.47923e-06, -3.28918e-06
190, 0.0292287, 0.0292253, -9.89719e-05, -9.44848e-05, -2.96647e-06, -2.95979e-06
191, 0.0291276, 0.0291239, -0.000101447, -9.70033e-05, -2.51855e-06, -2.62451e-06
192, 0.0290239, 0.0290199, -0.000103981, -9.91486e-05, -2.14529e-06, -2.28949e-06
193, 0.0289193, 0.0289141, -0.000105808, -0.000100887, -1.73863e-06, -1.95512e-06
194, 0.0288129, 0.0288072, -0.000106869, -0.000102223, -1.33587e-06, -1.63175e-06
195, 0.0287048, 0.0286999, -0.000107341, -0.000103194, -9.70488e-07, -1.32948e-06
196, 0.0285967, 0.0285927, -0.000107193, -0.00010384, -6.46346e-07, -1.05405e-06
197, 0.0284907, 0.0284862, -0.000106427, -0.000104209, -3.69334e-07, -8.11488e-07
198, 0.0283839, 0.0283805, -0.000105779, -0.000104402, -1.92515e-07, -6.0927e-07
199, 0.0282731, 0.0282751, -0.000105366, -0.000104461, -5.89424e-08, -4.42676e-07
200, 0.0281623, 0.0281707, -0.000104394, -0.000104382, 7.85871e-08, -3.05551e-07
201, 0.0280511, 0.0280674, -0.000103333, -0.000104225, 1.57166e-07, -2.04442e-07
202, 0.0279416, 0.0279648, -0.000102567, -0.00010404, 1.84667e-07, -1.40007e-07
203, 0.0278379, 0.0278628, -0.000102007, -0.00010385, 1.90561e-07, -1.0661e-07
204, 0.0277391, 0.0277611, -0.000101653, -0.000103691, 1.59136e-07, -9.74403e-08
205, 0.027642, 0.0276593, -0.00010186, -0.000103624, 6.67986e-08, -1.07001e-07
206, 0.0275471, 0.027557, -0.000102331, -0.000103643, -1.96447e-08, -1.25469e-07
207, 0.027458, 0.0274542, -0.000102803, -0.000103732, -8.84053e-08, -1.47864e-07
208, 0.0273693, 0.0273507, -0.000103451, -0.000103954, -2.21994e-07, -1.74713e-07
209, 0.0272744, 0.0272466, -0.000104099, -0.000104323, -3.69358e-07, -2.00908e-07
210, 0.0271747, 0.0271421, -0.000104482, -0.000104793, -4.69519e-07, -2.21731e-07
211, 0.0270719, 0.0270373, -0.000104806, -0.000105302, -5.08808e-07, -2.38889e-07
212, 0.0269628, 0.0269319, -0.000105425, -0.000105814, -5.12749e-07, -2.53035e-07
213, 0.0268489, 0.0268258, -0.000106074, -0.000106284, -4.69527e-07, -2.60369e-07
214, 0.0267311, 0.0267191, -0.000106692, -0.000106679, -3.94864e-07, -2.60892e-07
215, 0.0266106, 0.0266114, -0.000107724, -0.000107003, -3.24158e-07, -2.55e-07
216, 0.0264896, 0.0265025, -0.000108873, -0.000107239, -2.35753e-07, -2.36664e-07
217, 0.0263744, 0.0263929, -0.00010961, -0.000107366, -1.27686e-07, -2.03527e-07
218, 0.0262658, 0.0262833, -0.000109639, -0.000107433, -6.67986e-08, -1.60308e-07
219, 0.0261577, 0.0261739, -0.000109345, -0.000107486, -5.30564e-08, -1.16434e-07
220, 0.0260509, 0.026065, -0.000108903, -0.000107529, -4.32134e-08, -7.53094e-08
221, 0.0259467, 0.0259568, -0.000108254, -0.000107557, -2.74926e-08, -3.86382e-08
222, 0.0258421, 0.0258491, -0.000107665, -0.000107557, -1.65568e-11, -8.90869e-09
223, 0.0257362, 0.0257421, -0.000106987, -0.000107504, 5.30399e-08, 1.34883e-08
224, 0.0256303, 0.0256361, -0.000106015, -0.000107376, 1.27703e-07, 2.75031e-08
225, 0.0255301, 0.0255306, -0.000105484, -0.000107197, 1.78756e-07, 2.99894e-08
226, 0.0254317, 0.025425, -0.000105602, -0.000107048, 1.4931e-07, 2.59308e-08
227, 0.0253293, 0.025319, -0.000106074, -0.000106944, 1.04118e-07, 2.34445e-08
228, 0.0252251, 0.0252125, -0.000106486, -0.000106863, 8.05408e-08, 2.58005e-08
229, 0.0251161, 0.0251058, -0.000106693, -0.000106812, 5.10779e-08, 3.1431e-08
230, 0.0250058, 0.0249988, -0.000106928, -0.000106801, 1.17968e-08, 3.74582e-08
231, 0.0248994, 0.0248919, -0.000106958, -0.000106826, -2.55307e-08, 4.38756e-08
232, 0.0247921, 0.024785, -0.000106928, -0.000106916, -9.03921e-08, 4.88521e-08
233, 0.0246818, 0.0246776, -0.0001074, -0.000107044, -1.27678e-07, 5.26524e-08
234, 0.0245666, 0.0245698, -0.000107783, -0.000107134, -9.03507e-08, 6.23431e-08
235, 0.0244536, 0.0244621, -0.000107694, -0.000107142, -7.87278e-09, 7.72741e-08
236, 0.0243463, 0.0243546, -0.000107488, -0.000107085, 5.69638e-08, 9.27288e-08
237, 0.0242382, 0.0242471, -0.000107488, -0.000106995, 9.03921e-08, 1.07397e-07
238, 0.0241318, 0.0241397, -0.00010737, -0.000106846, 1.49301e-07, 1.23767e-07
239, 0.0240264, 0.0240324, -0.00010737, -0.000106643, 2.02349e-07, 1.39745e-07
240, 0.0239191, 0.023925, -0.000107399, -0.000106408, 2.35761e-07, 1.56512e-07
241, 0.0238149, 0.023818, -0.000106958, -0.000106113, 2.9467e-07, 1.73273e-07
242, 0.0237139, 0.0237118, -0.000106192, -0.000105785, 3.28082e-07, 1.8244e-07
243, 0.0236128, 0.0236062, -0.000105632, -0.000105472, 3.12361e-07, 1.79954e-07
244, 0.0235038, 0.0235008, -0.000105337, -0.000105201, 2.71102e-07, 1.6869e-07
245, 0.0233952, 0.0233962, -0.000104689, -0.000104944, 2.57351e-07, 1.52186e-07
246, 0.0232888, 0.0232922, -0.000103922, -0.00010473, 2.14138e-07, 1.26648e-07
247, 0.0231812, 0.0231888, -0.000103392, -0.000104569, 1.61115e-07, 9.16786e-08
248, 0.0230774, 0.0230859, -0.00010298, -0.000104445, 1.23738e-07, 5.05525e-08
249, 0.0229737, 0.022983, -0.000102862, -0.000104398, 4.71456e-08, 3.14249e-09
250, 0.0228691, 0.02288, -0.000103009, -0.000104443, -4.51671e-08, -4.70192e-08
251, 0.0227663, 0.0227766, -0.000103422, -0.000104555, -1.11991e-07, -9.62632e-08
252, 0.0226679, 0.0226729, -0.000103628, -0.000104712, -1.57166e-07, -1.40792e-07
253, 0.022573, 0.0225688, -0.000104158, -0.000104946, -2.33766e-07, -1.80215e-07
254, 0.0224755, 0.0224638, -0.000104954, -0.000105268, -3.22196e-07, -2.07719e-07
255, 0.0223744, 0.0223583, -0.000105543, -0.000105649, -3.8113e-07, -2.20163e-07
256, 0.022272, 0.022252, -0.00010625, -0.000106066, -4.16479e-07, -2.20553e-07
257, 0.0221687, 0.0221452, -0.000106869, -0.00010649, -4.24344e-07, -2.06932e-07
258, 0.0220615, 0.0220379, -0.000107311, -0.000106916, -4.26297e-07, -1.77073e-07
259, 0.0219494, 0.0219302, -0.000107694, -0.000107313, -3.96834e-07, -1.30708e-07
260, 0.0218328, 0.021822, -0.000108195, -0.000107647, -3.33985e-07, -6.70574e-08
261, 0.0217145, 0.0217132, -0.000108755, -0.000107846, -1.98426e-07, 1.68924e-08
262, 0.021598, 0.0216041, -0.000109109, -0.000107871, -2.55472e-08, 1.21539e-07
263, 0.0214837, 0.0214949, -0.000109227, -0.000107753, 1.17893e-07, 2.45831e-07
264, 0.0213707, 0.0213857, -0.000109227, -0.000107502, 2.51449e-07, 3.91077e-07
265, 0.0212594, 0.0212762, -0.000109403, -0.000107099, 4.0272e-07, 5.58456e-07
266, 0.0211509, 0.0211669, -0.000109374, -0.000106516, 5.83488e-07, 7.50195e-07
267, 0.0210449, 0.0210582, -0.000108638, -0.000105718, 7.97593e-07, 9.63021e-07
268, 0.0209417, 0.0209511, -0.000107135, -0.000104693, 1.02548e-06, 1.18934e-06
269, 0.0208388, 0.0208458, -0.000105337, -0.000103445, 1.24751e-06, 1.41919e-06
270, 0.020736, 0.020742, -0.000103775, -0.000101962, 1.48324e-06, 1.64931e-06
271, 0.0206336, 0.0206395, -0.000102479, -0.0001002, 1.76221e-06, 1.88427e-06
272, 0.0205277, 0.0205387, -0.000100828, -9.81133e-05, 2.08635e-06, 2.12656e-06
273, 0.0204209, 0.0204401, -9.85591e-05, -9.56635e-05, 2.44978e-06, 2.37108e-06
274, 0.0203198, 0.0203444, -9.57304e-05, -9.28679e-05, 2.79555e-06, 2.60958e-06
275, 0.0202258, 0.0202516, -9.2813e-05, -8.98072e-05, 3.06079e-06, 2.83433e-06
276, 0.0201345, 0.0201615, -9.00428e-05, -8.65578e-05, 3.24936e-06, 3.04336e-06
277, 0.0200414, 0.0200747, -8.68604e-05, -8.31316e-05, 3.42618e-06, 3.23797e-06
278, 0.0199465, 0.0199919, -8.27936e-05, -7.94893e-05, 3.64227e-06, 3.41374e-06
279, 0.0198583, 0.019914, -7.79315e-05, -7.56034e-05, 3.88589e-06, 3.56055e-06
280, 0.0197811, 0.0198413, -7.26567e-05, -7.15329e-05, 4.07055e-06, 3.66873e-06
281, 0.0197149, 0.0197739, -6.74408e-05, -6.7372e-05, 4.16092e-06, 3.73344e-06
282, 0.0196528, 0.0197111, -6.27257e-05, -6.32032e-05, 4.16879e-06, 3.75753e-06
283, 0.019591, 0.0196527, -5.8394e-05, -5.90423e-05, 4.16093e-06, 3.74994e-06
284, 0.0195359, 0.0195988, -5.39442e-05, -5.48755e-05, 4.1668e-06, 3.71693e-06
285, 0.0194941, 0.0195497, -4.91409e-05, -5.07558e-05, 4.11967e-06, 3.6576e-06
286, 0.0194646, 0.0195055, -4.41903e-05, -4.67913e-05, 3.96445e-06, 3.56697e-06
287, 0.0194378, 0.0194657, -3.97701e-05, -4.30823e-05, 3.70908e-06, 3.44255e-06
288, 0.0194093, 0.0194295, -3.61454e-05, -3.9662e-05, 3.4203e-06, 3.29115e-06
289, 0.0193789, 0.0193963, -3.31985e-05, -3.65049e-05, 3.15703e-06, 3.12324e-06
290, 0.0193499, 0.0193659, -3.03991e-05, -3.35581e-05, 2.94682e-06, 2.94735e-06
291, 0.0193253, 0.0193384, -2.75407e-05, -3.08038e-05, 2.75431e-06, 2.76504e-06
292, 0.0193043, 0.0193133, -2.50652e-05, -2.82676e-05, 2.53622e-06, 2.57474e-06
293, 0.0192836, 0.01929, -2.33269e-05, -2.59848e-05, 2.28282e-06, 2.38117e-06
294, 0.0192617, 0.0192677, -2.22952e-05, -2.39652e-05, 2.01956e-06, 2.19375e-06
295, 0.0192389, 0.0192464, -2.13522e-05, -2.21657e-05, 1.79954e-06, 2.02205e-06
296, 0.0192169, 0.0192263, -2.00854e-05, -2.05233e-05, 1.64236e-06, 1.86842e-06
297, 0.0191968, 0.0192078, -1.85234e-05, -1.89929e-05, 1.53038e-06, 1.72894e-06
298, 0.0191779, 0.0191907, -1.70795e-05, -1.75667e-05, 1.42626e-06, 1.59797e-06
299, 0.01916, 0.0191748, -1.59009e-05, -1.62543e-05, 1.31231e-06, 1.47538e-06
300, 0.0191442, 0.0191599, -1.48987e-05, -1.50383e-05, 1.21605e-06, 1.36471e-06
301, 0.0191302, 0.019146, -1.38968e-05, -1.38851e-05, 1.15321e-06, 1.26963e-06
302, 0.0191176, 0.0191332, -1.2777e-05, -1.27516e-05, 1.13353e-06, 1.19104e-06
303, 0.019108, 0.0191217, -1.15099e-05, -1.16357e-05, 1.11586e-06, 1.12569e-06
304, 0.0191011, 0.0191115, -1.02428e-05, -1.05709e-05, 1.06481e-06, 1.06832e-06
305, 0.0190937, 0.0191024, -9.00514e-06, -9.58862e-06, 9.82268e-07, 1.0158e-06
306, 0.0190868, 0.0190946, -7.85602e-06, -8.67313e-06, 9.15486e-07, 9.67344e-07
307, 0.0190808, 0.0190878, -6.82448e-06, -7.79692e-06, 8.76213e-07, 9.23863e-07
308, 0.0190752, 0.0190817, -6.02876e-06, -6.94039e-06, 8.56527e-07, 8.84703e-07
309, 0.0190701, 0.0190764, -5.29227e-06, -6.09957e-06, 8.40823e-07, 8.48816e-07
310, 0.0190662, 0.0190718, -4.61439e-06, -5.28036e-06, 8.19208e-07, 8.13063e-07
311, 0.0190633, 0.0190677, -4.11322e-06, -4.49848e-06, 7.8188e-07, 7.77439e-07
312, 0.0190617, 0.0190639, -3.78937e-06, -3.75588e-06, 7.42599e-07, 7.44955e-07
313, 0.0190601, 0.0190606, -3.34717e-06, -3.05649e-06, 6.99386e-07, 7.18501e-07
314, 0.0190576, 0.0190578, -2.75771e-06, -2.3964e-06, 6.60097e-07, 6.96104e-07
315, 0.0190538, 0.0190558, -2.05077e-06, -1.76775e-06, 6.28647e-07, 6.7423e-07
316, 0.0190508, 0.0190545, -1.28448e-06, -1.15284e-06, 6.14905e-07, 6.50264e-07
317, 0.0190483, 0.019054, -4.88882e-07, -5.55606e-07, 5.97239e-07, 6.23153e-07
318, 0.0190463, 0.0190542, 2.18302e-07, 2.58866e-08, 5.81493e-07, 5.92901e-07
319, 0.0190442, 0.0190551, 8.96181e-07, 6.03447e-07, 5.77561e-07, 5.60683e-07
320, 0.0190435, 0.0190566, 1.48565e-06, 1.1889e-06, 5.8545e-07, 5.265e-07
321, 0.0190454, 0.0190586, 2.04543e-06, 1.76843e-06, 5.79531e-07, 4.91007e-07
322, 0.01905, 0.0190613, 2.60522e-06, 2.31653e-06, 5.48098e-07, 4.54728e-07
323, 0.0190559, 0.0190644, 3.19481e-06, 2.81357e-06, 4.97045e-07, 4.17665e-07
324, 0.0190627, 0.0190681, 3.66631e-06, 3.24773e-06, 4.34162e-07, 3.7929e-07
325, 0.0190695, 0.0190722, 4.108e-06, 3.61315e-06, 3.65418e-07, 3.41569e-07
326, 0.0190767, 0.0190768, 4.55019e-06, 3.91177e-06, 2.98619e-07, 3.0477e-07
327, 0.019084, 0.0190818, 4.99239e-06, 4.14162e-06, 2.2985e-07, 2.68361e-07
328, 0.0190908, 0.0190871, 5.34579e-06, 4.3086e-06, 1.66984e-07, 2.31557e-07
329, 0.0190967, 0.0190926, 5.46376e-06, 4.42453e-06, 1.15923e-07, 1.95934e-07
330, 0.0191017, 0.019098, 5.4049e-06, 4.49723e-06, 7.27011e-08, 1.64371e-07
331, 0.0191058, 0.0191032, 5.22795e-06, 4.53651e-06, 3.92811e-08, 1.39485e-07
332, 0.01911, 0.0191082, 4.99239e-06, 4.56793e-06, 3.14249e-08, 1.23246e-07
333, 0.0191145, 0.0191129, 4.69759e-06, 4.59743e-06, 2.9496e-08, 1.16565e-07
334, 0.0191191, 0.0191172, 4.34394e-06, 4.62886e-06, 3.14332e-08, 1.19708e-07
335, 0.0191237, 0.0191212, 3.99041e-06, 4.66225e-06, 3.33869e-08, 1.33461e-07
336, 0.0191274, 0.019125, 3.78427e-06, 4.70744e-06, 4.51919e-08, 1.57427e-07
337, 0.0191311, 0.0191287, 3.69574e-06, 4.78209e-06, 7.46465e-08, 1.89513e-07
338, 0.0191343, 0.0191325, 3.78403e-06, 4.90585e-06, 1.23762e-07, 2.28541e-07
339, 0.0191376, 0.0191366, 4.13768e-06, 5.09642e-06, 1.90569e-07, 2.72023e-07
340, 0.01914, 0.0191412, 4.55044e-06, 5.36162e-06, 2.65199e-07, 3.15244e-07
341, 0.0191419, 0.0191462, 5.02169e-06, 5.70739e-06, 3.45773e-07, 3.56628e-07
342, 0.0191438, 0.0191517, 5.49319e-06, 6.14353e-06, 4.3614e-07, 3.95526e-07
343, 0.0191475, 0.0191577, 6.02367e-06, 6.67002e-06, 5.26483e-07, 4.32723e-07
344, 0.0191521, 0.0191643, 6.58346e-06, 7.26722e-06, 5.97205e-07, 4.67692e-07
345, 0.0191585, 0.0191716, 7.26134e-06, 7.92534e-06, 6.58118e-07, 4.99519e-07
346, 0.0191679, 0.0191797, 8.08649e-06, 8.61686e-06, 6.91521e-07, 5.26237e-07
347, 0.0191782, 0.0191886, 8.97037e-06, 9.29659e-06, 6.79733e-07, 5.46668e-07
348, 0.0191899, 0.0191985, 9.88419e-06, 9.94685e-06, 6.50254e-07, 5.60815e-07
349, 0.0192015, 0.0192094, 1.0886e-05, 1.05618e-05, 6.14913e-07, 5.68932e-07
350, 0.0192141, 0.0192213, 1.18876e-05, 1.11531e-05, 5.91336e-07, 5.7011e-07
351, 0.0192262, 0.019234, 1.27424e-05, 1.17228e-05, 5.69729e-07, 5.65005e-07
352, 0.01924, 0.0192476, 1.35675e-05, 1.22749e-05, 5.52047e-07, 5.56362e-07
353, 0.0192556, 0.0192617, 1.41568e-05, 1.27994e-05, 5.24529e-07, 5.44969e-07
354, 0.0192722, 0.0192761, 1.43337e-05, 1.32964e-05, 4.97037e-07, 5.34361e-07
355, 0.0192882, 0.0192904, 1.43042e-05, 1.37738e-05, 4.774e-07, 5.30039e-07
356, 0.0193052, 0.0193046, 1.42454e-05, 1.42414e-05, 4.6754e-07, 5.34624e-07
357, 0.0193221, 0.019319, 1.43632e-05, 1.46952e-05, 4.53798e-07, 5.49161e-07
358, 0.0193387, 0.0193336, 1.45696e-05, 1.51451e-05, 4.49907e-07, 5.72998e-07
359, 0.0193556, 0.0193484, 1.48642e-05, 1.56127e-05, 4.67565e-07, 6.05084e-07
360, 0.0193708, 0.0193636, 1.51293e-05, 1.60999e-05, 4.87218e-07, 6.44899e-07
361, 0.0193829, 0.0193791, 1.5542e-05, 1.66323e-05, 5.32402e-07, 6.93883e-07
362, 0.0193928, 0.0193952, 1.61314e-05, 1.72472e-05, 6.14913e-07, 7.5177e-07
363, 0.0194036, 0.0194121, 1.68973e-05, 1.79662e-05, 7.19031e-07, 8.17908e-07
364, 0.019417, 0.0194298, 1.7693e-05, 1.87992e-05, 8.32967e-07, 8.9204e-07
365, 0.0194326, 0.0194485, 1.86363e-05, 1.97481e-05, 9.48881e-07, 9.75992e-07
366, 0.0194491, 0.0194682, 1.97558e-05, 2.07991e-05, 1.05102e-06, 1.06898e-06
367, 0.019467, 0.0194891, 2.08758e-05, 2.19484e-05, 1.14927e-06, 1.16917e-06
368, 0.0194888, 0.0195112, 2.21429e-05, 2.32076e-05, 1.25929e-06, 1.27774e-06
369, 0.0195141, 0.0195348, 2.35574e-05, 2.4573e-05, 1.36534e-06, 1.39457e-06
370, 0.0195417, 0.0195599, 2.50897e-05, 2.60425e-05, 1.46948e-06, 1.51716e-06
371, 0.0195706, 0.0195866, 2.67399e-05, 2.7622e-05, 1.57951e-06, 1.64341e-06
372, 0.0196017, 0.0196152, 2.85964e-05, 2.93351e-05, 1.71309e-06, 1.77189e-06
373, 0.019635, 0.0196455, 3.03349e-05, 3.11798e-05, 1.84471e-06, 1.90063e-06
374, 0.0196688, 0.0196777, 3.21032e-05, 3.31502e-05, 1.97046e-06, 2.03134e-06
375, 0.0197029, 0.0197117, 3.40186e-05, 3.5266e-05, 2.11581e-06, 2.16362e-06
376, 0.0197363, 0.0197477, 3.60222e-05, 3.75508e-05, 2.28477e-06, 2.29433e-06
377, 0.0197691, 0.0197859, 3.81735e-05, 4.00045e-05, 2.45372e-06, 2.42124e-06
378, 0.0198046, 0.0198265, 4.059e-05, 4.26174e-05, 2.61284e-06, 2.54226e-06
379, 0.0198459, 0.0198698, 4.33893e-05, 4.53776e-05, 2.7602e-06, 2.65437e-06
380, 0.0198876, 0.0199162, 4.63068e-05, 4.82576e-05, 2.88002e-06, 2.75194e-06
381, 0.0199307, 0.0199655, 4.93127e-05, 5.12692e-05, 3.01167e-06, 2.83275e-06
382, 0.0199772, 0.0200181, 5.26129e-05, 5.44027e-05, 3.13345e-06, 2.89483e-06
383, 0.0200291, 0.0200745, 5.64144e-05, 5.76226e-05, 3.21989e-06, 2.9336e-06
384, 0.0200867, 0.0201349, 6.03631e-05, 6.08916e-05, 3.26903e-06, 2.94381e-06
385, 0.0201505, 0.0201991, 6.42822e-05, 6.41763e-05, 3.28473e-06, 2.92391e-06
386, 0.0202214, 0.0202673, 6.81429e-05, 6.74375e-05, 3.26115e-06, 2.8748e-06
387, 0.0202963, 0.0203391, 7.17968e-05, 7.06142e-05, 3.1767e-06, 2.797e-06
388, 0.0203747, 0.0204146, 7.55099e-05, 7.3671e-05, 3.05683e-06, 2.69222e-06
389, 0.0204579, 0.0204937, 7.91049e-05, 7.65727e-05, 2.90164e-06, 2.55916e-06
390, 0.0205492, 0.020576, 8.2317e-05, 7.927e-05, 2.69734e-06, 2.40003e-06
391, 0.0206417, 0.0206611, 8.50577e-05, 8.1708e-05, 2.438e-06, 2.22021e-06
392, 0.0207334, 0.0207485, 8.74445e-05, 8.38631e-05, 2.15512e-06, 2.02585e-06
393, 0.0208268, 0.020838, 8.95073e-05, 8.57393e-05, 1.87616e-06, 1.82232e-06
394, 0.0209229, 0.0209291, 9.10398e-05, 8.73325e-05, 1.59323e-06, 1.61355e-06
395, 0.0210203, 0.0210212, 9.21593e-05, 8.86409e-05, 1.3084e-06, 1.4061e-06
396, 0.0211172, 0.0211141, 9.28372e-05, 8.96566e-05, 1.01567e-06, 1.20427e-06
397, 0.021212, 0.0212071, 9.3073e-05, 9.04031e-05, 7.46532e-07, 1.01214e-06
398, 0.021305, 0.0213001, 9.29845e-05, 9.09257e-05, 5.22575e-07, 8.35065e-07
399, 0.0213984, 0.0213928, 9.26899e-05, 9.12793e-05, 3.53613e-07, 6.78294e-07
400, 0.0214932, 0.0214852, 9.24247e-05, 9.15111e-05, 2.31812e-07, 5.44311e-07
401, 0.021587, 0.0215773, 9.20414e-05, 9.16408e-05, 1.29657e-07, 4.31152e-07
402, 0.0216787, 0.0216687, 9.14228e-05, 9.17056e-05, 6.48283e-08, 3.39738e-07
403, 0.0217672, 0.0217594, 9.0745e-05, 9.17351e-05, 2.94712e-08, 2.72548e-07
404, 0.021854, 0.0218497, 9.03029e-05, 9.17547e-05, 1.96364e-08, 2.309e-07
405, 0.0219439, 0.0219399, 9.01556e-05, 9.1796e-05, 4.12514e-08, 2.11386e-07
406, 0.0220321, 0.0220303, 9.03619e-05, 9.18824e-05, 8.64433e-08, 2.08634e-07
407, 0.0221197, 0.0221212, 9.09217e-05, 9.20278e-05, 1.45369e-07, 2.16099e-07
408, 0.0222074, 0.0222126, 9.14522e-05, 9.22066e-05, 1.78781e-07, 2.27233e-07
409, 0.0222942, 0.0223046, 9.20122e-05, 9.24286e-05, 2.22019e-07, 2.4033e-07
410, 0.0223814, 0.0223972, 9.26014e-05, 9.27291e-05, 3.00556e-07, 2.52641e-07
411, 0.0224718, 0.0224904, 9.31318e-05, 9.31201e-05, 3.90949e-07, 2.62726e-07
412, 0.0225643, 0.0225841, 9.36918e-05, 9.35739e-05, 4.53823e-07, 2.70717e-07
413, 0.0226604, 0.0226783, 9.42811e-05, 9.40552e-05, 4.81308e-07, 2.75301e-07
414, 0.0227622, 0.0227732, 9.48705e-05, 9.45208e-05, 4.65587e-07, 2.73337e-07
415, 0.0228649, 0.0228683, 9.51064e-05, 9.49196e-05, 3.98813e-07, 2.63253e-07
416, 0.0229672, 0.0229637, 9.53717e-05, 9.52457e-05, 3.2612e-07, 2.50417e-07
417, 0.0230677, 0.0230596, 9.59312e-05, 9.54952e-05, 2.49487e-07, 2.34829e-07
418, 0.0231642, 0.0231562, 9.66092e-05, 9.5676e-05, 1.80751e-07, 2.11387e-07
419, 0.0232594, 0.0232533, 9.71102e-05, 9.58155e-05, 1.395e-07, 1.75631e-07
420, 0.0233581, 0.0233507, 9.73752e-05, 9.59255e-05, 1.10012e-07, 1.30183e-07
421, 0.0234551, 0.0234481, 9.73457e-05, 9.59825e-05, 5.69804e-08, 8.02841e-08
422, 0.0235463, 0.023545, 9.69039e-05, 9.59766e-05, -5.88596e-09, 3.10413e-08
423, 0.023638, 0.0236413, 9.6344e-05, 9.59628e-05, -1.3767e-08, -1.1656e-08
424, 0.0237332, 0.0237371, 9.57545e-05, 9.5951e-05, -1.1805e-08, -4.75424e-08
425, 0.0238306, 0.0238324, 9.53127e-05, 9.59e-05, -5.10613e-08, -7.72714e-08
426, 0.0239284, 0.0239276, 9.52243e-05, 9.57546e-05, -1.45394e-07, -1.00848e-07
427, 0.024025, 0.0240229, 9.5342e-05, 9.55267e-05, -2.27905e-07, -1.19055e-07
428, 0.0241206, 0.0241181, 9.51358e-05, 9.52595e-05, -2.6717e-07, -1.34117e-07
429, 0.0242158, 0.0242129, 9.47822e-05, 9.49864e-05, -2.73056e-07, -1.44595e-07
430, 0.0243101, 0.0243078, 9.48999e-05, 9.47448e-05, -2.41647e-07, -1.47609e-07
431, 0.0244035, 0.024403, 9.51946e-05, 9.45326e-05, -2.12176e-07, -1.48655e-07
432, 0.0244974, 0.0244981, 9.51653e-05, 9.43362e-05, -1.96447e-07, -1.50226e-07
433, 0.0245926, 0.0245926, 9.44283e-05, 9.41633e-05, -1.72903e-07, -1.48132e-07
434, 0.0246895, 0.0246862, 9.36917e-05, 9.40297e-05, -1.33605e-07, -1.33199e-07
435, 0.0247852, 0.0247796, 9.33677e-05, 9.39137e-05, -1.15906e-07, -1.06479e-07
436, 0.0248768, 0.0248729, 9.32499e-05, 9.38135e-05, -1.00202e-07, -7.43921e-08
437, 0.0249698, 0.0249661, 9.32792e-05, 9.37625e-05, -5.10861e-08, -4.021e-08
438, 0.0250659, 0.0250593, 9.31613e-05, 9.3733e-05, -2.94629e-08, -8.25248e-09
439, 0.0251607, 0.0251521, 9.28078e-05, 9.36976e-05, -3.53654e-08, 2.17402e-08
440, 0.025247, 0.0252448, 9.27191e-05, 9.3678e-05, -1.9653e-08, 5.31718e-08
441, 0.0253338, 0.0253381, 9.32202e-05, 9.37566e-05, 7.86036e-08, 8.43455e-08
442, 0.0254255, 0.0254317, 9.36034e-05, 9.39295e-05, 1.72887e-07, 1.08576e-07
443, 0.0255193, 0.0255253, 9.36328e-05, 9.41436e-05, 2.14138e-07, 1.27305e-07
444, 0.025615, 0.0256193, 9.40159e-05, 9.43833e-05, 2.39677e-07, 1.43546e-07
445, 0.0257075, 0.0257138, 9.4458e-05, 9.4621e-05, 2.37715e-07, 1.51928e-07
446, 0.0257956, 0.0258084, 9.46641e-05, 9.48587e-05, 2.37715e-07, 1.54286e-07
447, 0.0258882, 0.0259033, 9.48705e-05, 9.51337e-05, 2.75026e-07, 1.54549e-07
448, 0.0259909, 0.0259989, 9.56073e-05, 9.54284e-05, 2.94704e-07, 1.51407e-07
449, 0.0260936, 0.0260952, 9.6285e-05, 9.56583e-05, 2.29859e-07, 1.36867e-07
450, 0.0261897, 0.0261918, 9.65798e-05, 9.58233e-05, 1.65022e-07, 1.11328e-07
451, 0.0262871, 0.0262886, 9.6845e-05, 9.59667e-05, 1.43407e-07, 8.19901e-08
452, 0.0263867, 0.0263855, 9.68449e-05, 9.60414e-05, 7.46548e-08, 5.09487e-08
453, 0.0264859, 0.0264822, 9.6727e-05, 9.60473e-05, 5.89424e-09, 2.10879e-08
454, 0.0265837, 0.0265791, 9.69332e-05, 9.60159e-05, -3.14083e-08, -6.67793e-09
455, 0.0266811, 0.0266763, 9.71397e-05, 9.59491e-05, -6.67903e-08, -3.6276e-08
456, 0.0267781, 0.0267729, 9.66681e-05, 9.58096e-05, -1.39491e-07, -6.69244e-08
457, 0.0268742, 0.026869, 9.60787e-05, 9.55994e-05, -2.10197e-07, -8.9189e-08
458, 0.026972, 0.0269648, 9.57839e-05, 9.53735e-05, -2.25935e-07, -1.02548e-07
459, 0.0270676, 0.0270599, 9.51357e-05, 9.51475e-05, -2.25943e-07, -1.14465e-07
460, 0.0271584, 0.0271545, 9.45464e-05, 9.49373e-05, -2.10197e-07, -1.2049e-07
461, 0.0272496, 0.0272487, 9.4193e-05, 9.47585e-05, -1.78773e-07, -1.19574e-07
462, 0.0273453, 0.0273425, 9.38686e-05, 9.45896e-05, -1.68946e-07, -1.17088e-07
463, 0.0274409, 0.027436, 9.3515e-05, 9.44246e-05, -1.65022e-07, -1.1591e-07
464, 0.0275348, 0.0275292, 9.3132e-05, 9.43205e-05, -1.04109e-07, -1.16172e-07
465, 0.0276264, 0.0276224, 9.31907e-05, 9.42851e-05, -3.53654e-08, -1.21412e-07
466, 0.0277141, 0.0277158, 9.34559e-05, 9.42498e-05, -3.53489e-08, -1.41842e-07
467, 0.0278049, 0.0278095, 9.36919e-05, 9.4234e-05, -1.57207e-08, -1.82179e-07
468, 0.0278988, 0.0279036, 9.40455e-05, 9.42537e-05, 1.96447e-08, -2.45569e-07
469, 0.0279917, 0.027998, 9.4399e-05, 9.42595e-05, 5.8694e-09, -3.36856e-07
470, 0.0280838, 0.0280926, 9.46643e-05, 9.42104e-05, -4.91159e-08, -4.56301e-07
471, 0.0281751, 0.0281877, 9.51064e-05, 9.4067e-05, -1.43415e-07, -6.04822e-07
472, 0.028272, 0.0282833, 9.55482e-05, 9.37782e-05, -2.88801e-07, -7.88312e-07
473, 0.0283738, 0.0283785, 9.52537e-05, 9.32458e-05, -5.32394e-07, -1.00729e-06
474, 0.028473, 0.0284734, 9.48999e-05, 9.24148e-05, -8.30988e-07, -1.25024e-06
475, 0.0285691, 0.0285683, 9.4841e-05, 9.12538e-05, -1.16106e-06, -1.51703e-06
476, 0.0286656, 0.0286626, 9.4281e-05, 8.97057e-05, -1.54807e-06, -1.8125e-06
477, 0.0287652, 0.0287557, 9.31319e-05, 8.77451e-05, -1.96061e-06, -2.12984e-06
478, 0.0288675, 0.0288471, 9.13637e-05, 8.53523e-05, -2.39284e-06, -2.46106e-06
479, 0.028968, 0.0289359, 8.88e-05, 8.24958e-05, -2.85647e-06, -2.79752e-06
480, 0.0290552, 0.0290211, 8.52048e-05, 7.91757e-05, -3.32009e-06, -3.12848e-06
481, 0.0291376, 0.029102, 8.0991e-05, 7.54961e-05, -3.67961e-06, -3.43967e-06
482, 0.0292275, 0.0291783, 7.62761e-05, 7.14786e-05, -4.0175e-06, -3.72322e-06
483, 0.029313, 0.0292491, 7.08243e-05, 6.70662e-05, -4.41238e-06, -3.97167e-06
484, 0.0293887, 0.0293141, 6.49898e-05, 6.2312e-05, -4.7542e-06, -4.17362e-06
485, 0.0294543, 0.0293729, 5.87718e-05, 5.72945e-05, -5.01747e-06, -4.32437e-06
486, 0.0295071, 0.0294252, 5.22594e-05, 5.21042e-05, -5.19034e-06, -4.42037e-06
487, 0.0295501, 0.0294709, 4.57468e-05, 4.6851e-05, -5.25321e-06, -4.45783e-06
488, 0.0295887, 0.029511, 4.00595e-05, 4.16508e-05, -5.20016e-06, -4.43635e-06
489, 0.0296172, 0.0295456, 3.46374e-05, 3.65666e-05, -5.08426e-06, -4.36654e-06
490, 0.0296315, 0.0295743, 2.86553e-05, 3.16788e-05, -4.88781e-06, -4.25063e-06
491, 0.0296405, 0.0295972, 2.2968e-05, 2.71013e-05, -4.5774e-06, -4.08207e-06
492, 0.0296468, 0.0296151, 1.78698e-05, 2.28795e-05, -4.22183e-06, -3.86558e-06
493, 0.0296514, 0.0296286, 1.35086e-05, 1.90467e-05, -3.83284e-06, -3.60862e-06
494, 0.0296542, 0.0296386, 1.00019e-05, 1.56284e-05, -3.41833e-06, -3.32049e-06
495, 0.0296561, 0.0296458, 7.20248e-06, 1.26305e-05, -2.99789e-06, -3.01218e-06
496, 0.0296572, 0.0296505, 4.72715e-06, 9.99796e-06, -2.63251e-06, -2.69497e-06
497, 0.0296573, 0.0296535, 2.95887e-06, 7.71908e-06, -2.27888e-06, -2.37488e-06
498, 0.0296575, 0.0296557, 2.16328e-06, 5.83507e-06, -1.88401e-06, -2.06108e-06
499, 0.0296568, 0.0296573, 1.66235e-06, 4.32824e-06, -1.50683e-06, -1.76613e-06
500, 0.0296569, 0.0296586, 1.27926e-06, 3.16523e-06, -1.16301e-06, -1.49437e-06
501, 0.0296571, 0.0296596, 9.8447e-07, 2.29689e-06, -8.6834e-07, -1.24815e-06
502, 0.0296581, 0.0296604, 7.78461e-07, 1.66823e-06, -6.28663e-07, -1.02982e-06
503, 0.0296596, 0.0296609, 5.71956e-07, 1.2262e-06, -4.42026e-07, -8.40438e-07
504, 0.0296615, 0.0296614, 4.54237e-07, 9.43293e-07, -2.82907e-07, -6.76331e-07
505, 0.0296639, 0.0296618, 3.95129e-07, 7.62559e-07, -1.80735e-07, -5.37635e-07
506, 0.0296654, 0.0296622, 3.65575e-07, 6.09333e-07, -1.53225e-07, -4.26964e-07
507, 0.029666, 0.0296626, 4.24683e-07, 4.63956e-07, -1.45377e-07, -3.43009e-07
508, 0.0296662, 0.0296631, 4.83543e-07, 3.24473e-07, -1.39483e-07, -2.83811e-07
509, 0.0296659, 0.0296636, 5.71956e-07, 1.81074e-07, -1.43399e-07, -2.46221e-07
510, 0.0296647, 0.0296642, 5.7208e-07, 2.38998e-08, -1.57174e-07, -2.26444e-07
511, 0.029664, 0.0296647, 4.83543e-07, -1.47008e-07, -1.70908e-07, -2.20288e-07
512, 0.0296633, 0.0296649, 2.47856e-07, -3.45442e-07, -1.98434e-07, -2.25264e-07
513, 0.029663, 0.0296648, -1.35104e-07, -5.6939e-07, -2.23948e-07, -2.36659e-07
514, 0.0296631, 0.0296643, -5.18312e-07, -8.16898e-07, -2.47508e-07, -2.48709e-07
515, 0.0296642, 0.0296635, -8.12983e-07, -1.09193e-06, -2.75034e-07, -2.59841e-07
516, 0.0296657, 0.0296623, -1.16651e-06, -1.39643e-06, -3.04497e-07, -2.70319e-07
517, 0.0296667, 0.0296607, -1.57915e-06, -1.72843e-06, -3.31998e-07, -2.79095e-07
518, 0.0296669, 0.0296587, -1.99166e-06, -2.07812e-06, -3.49697e-07, -2.8525e-07
519, 0.0296653, 0.0296562, -2.52227e-06, -2.43567e-06, -3.57545e-07, -2.88656e-07
520, 0.0296619, 0.0296533, -2.96409e-06, -2.78732e-06, -3.51651e-07, -2.87345e-07
521, 0.0296576, 0.0296499, -3.34705e-06, -3.1213e-06, -3.33985e-07, -2.81452e-07
522, 0.0296538, 0.0296462, -3.70083e-06, -3.43367e-06, -3.12361e-07, -2.71501e-07
523, 0.0296487, 0.0296421, -4.08391e-06, -3.73031e-06, -2.96641e-07, -2.57618e-07
524, 0.0296422, 0.0296377, -4.40801e-06, -4.00535e-06, -2.75042e-07, -2.39676e-07
525, 0.0296348, 0.029633, -4.67338e-06, -4.25485e-06, -2.49503e-07, -2.18199e-07
526, 0.0296262, 0.0296282, -4.87963e-06, -4.47685e-06, -2.21994e-07, -1.93968e-07
527, 0.0296188, 0.0296231, -5.02691e-06, -4.65561e-06, -1.78764e-07, -1.67512e-07
528, 0.0296128, 0.029618, -5.14487e-06, -4.79117e-06, -1.35559e-07, -1.39223e-07
529, 0.0296076, 0.0296128, -5.20373e-06, -4.88942e-06, -9.82483e-08, -1.09229e-07
530, 0.0296029, 0.0296075, -5.26259e-06, -4.95621e-06, -6.67903e-08, -7.81897e-08
531, 0.0295996, 0.0296022, -5.29215e-06, -4.99157e-06, -3.53654e-08, -4.55793e-08
532, 0.0295966, 0.0295969, -5.3217e-06, -5.00141e-06, -9.83477e-09, -1.16577e-08
533, 0.0295937, 0.0295916, -5.32158e-06, -4.98765e-06, 1.37587e-08, 2.3705e-08
534, 0.0295899, 0.0295864, -5.20373e-06, -4.94835e-06, 3.92977e-08, 6.01146e-08
535, 0.0295847, 0.0295814, -4.99748e-06, -4.87566e-06, 7.26928e-08, 9.54762e-08
536, 0.0295796, 0.0295766, -4.82077e-06, -4.75975e-06, 1.15914e-07, 1.2822e-07
537, 0.0295749, 0.0295719, -4.70268e-06, -4.60651e-06, 1.53234e-07, 1.58083e-07
538, 0.0295693, 0.0295672, -4.61439e-06, -4.414e-06, 1.92515e-07, 1.85192e-07
539, 0.0295624, 0.0295627, -4.55553e-06, -4.18021e-06, 2.33783e-07, 2.09423e-07
540, 0.029555, 0.0295582, -4.467e-06, -3.89928e-06, 2.80937e-07, 2.30641e-07
541, 0.0295481, 0.0295539, -4.29017e-06, -3.57513e-06, 3.2415e-07, 2.48321e-07
542, 0.0295438, 0.02955, -3.93651e-06, -3.22347e-06, 3.51659e-07, 2.6168e-07
543, 0.0295405, 0.0295466, -3.40616e-06, -2.86788e-06, 3.55591e-07, 2.69276e-07
544, 0.0295371, 0.0295437, -2.90523e-06, -2.51818e-06, 3.49697e-07, 2.70061e-07
545, 0.0295337, 0.0295413, -2.37487e-06, -2.17833e-06, 3.39854e-07, 2.65084e-07
546, 0.0295312, 0.0295395, -1.78541e-06, -1.85024e-06, 3.2809e-07, 2.53953e-07
547, 0.0295296, 0.0295384, -1.10765e-06, -1.5418e-06, 3.08437e-07, 2.36272e-07
548, 0.0295293, 0.029538, -4.59328e-07, -1.26283e-06, 2.78966e-07, 2.11125e-07
549, 0.0295308, 0.029538, 7.1153e-08, -1.02316e-06, 2.39677e-07, 1.79037e-07
550, 0.0295336, 0.0295384, 3.36394e-07, -8.36526e-07, 1.86629e-07, 1.41973e-07
551, 0.029536, 0.0295388, 4.24683e-07, -7.08832e-07, 1.27695e-07, 1.02942e-07
552, 0.0295392, 0.0295392, 3.95129e-07, -6.30253e-07, 7.85788e-08, 6.35203e-08
553, 0.0295425, 0.0295395, 3.06964e-07, -6.04706e-07, 2.55472e-08, 2.50163e-08
554, 0.0295458, 0.0295396, 7.10289e-08, -6.36139e-07, -3.14332e-08, -1.19187e-08
555, 0.0295481, 0.0295393, -2.82501e-07, -7.324e-07, -9.62615e-08, -4.59706e-08
556, 0.0295492, 0.0295386, -6.95015e-07, -8.89566e-07, -1.57166e-07, -7.58326e-08
557, 0.0295489, 0.0295375, -1.13708e-06, -1.09388e-06, -2.04311e-07, -1.00325e-07
558, 0.0295468, 0.029536, -1.49074e-06, -1.32374e-06, -2.29867e-07, -1.18661e-07
559, 0.029543, 0.0295342, -1.72655e-06, -1.56538e-06, -2.41631e-07, -1.31889e-07
560, 0.0295383, 0.0295322, -1.99166e-06, -1.80308e-06, -2.37707e-07, -1.41579e-07
561, 0.0295323, 0.02953, -2.25691e-06, -2.02902e-06, -2.25935e-07, -1.47867e-07
562, 0.0295254, 0.0295274, -2.55158e-06, -2.23136e-06, -2.02341e-07, -1.50224e-07
563, 0.0295189, 0.0295246, -2.81682e-06, -2.40032e-06, -1.68963e-07, -1.47212e-07
564, 0.0295138, 0.0295216, -2.99352e-06, -2.52803e-06, -1.27711e-07, -1.39354e-07
565, 0.0295113, 0.0295185, -3.11161e-06, -2.61644e-06, -8.84053e-08, -1.28223e-07
566, 0.0295101, 0.0295153, -3.19978e-06, -2.68716e-06, -7.07226e-08, -1.15517e-07
567, 0.0295094, 0.0295121, -3.17047e-06, -2.75394e-06, -6.6782e-08, -1.02029e-07
568, 0.0295086, 0.0295091, -3.08206e-06, -2.82271e-06, -6.87689e-08, -8.95863e-08
569, 0.0295075, 0.0295061, -2.96409e-06, -2.8895e-06, -6.67903e-08, -7.92394e-08
570, 0.0295059, 0.0295033, -2.81694e-06, -2.94058e-06, -5.10779e-08, -7.17745e-08
571, 0.0295043, 0.0295007, -2.61068e-06, -2.97988e-06, -3.92977e-08, -6.81055e-08
572, 0.0295022, 0.0294982, -2.46316e-06, -3.01722e-06, -3.7344e-08, -6.88892e-08
573, 0.0294988, 0.0294957, -2.55158e-06, -3.0565e-06, -3.92811e-08, -7.34738e-08
574, 0.0294955, 0.0294929, -2.72828e-06, -3.09581e-06, -3.9306e-08, -7.91053e-08
575, 0.0294921, 0.0294899, -3.0232e-06, -3.14688e-06, -5.10696e-08, -8.44769e-08
576, 0.0294878, 0.0294866, -3.25876e-06, -3.21761e-06, -7.07308e-08, -8.81426e-08
577, 0.0294831, 0.0294833, -3.31774e-06, -3.30798e-06, -9.03673e-08, -9.07635e-08
578, 0.0294797, 0.0294799, -3.40628e-06, -3.4219e-06, -1.13928e-07, -9.44303e-08
579, 0.0294768, 0.0294764, -3.55368e-06, -3.56137e-06, -1.39467e-07, -9.84889e-08
580, 0.029473, 0.0294727, -3.70083e-06, -3.71854e-06, -1.57174e-07, -1.01499e-07
581, 0.0294692, 0.0294689, -3.78937e-06, -3.87374e-06, -1.55196e-07, -1.03203e-07
582, 0.029464, 0.0294649, -3.93651e-06, -4.02109e-06, -1.47356e-07, -1.03856e-07
583, 0.0294598, 0.0294608, -4.14302e-06, -4.14485e-06, -1.23754e-07, -1.01892e-07
584, 0.0294577, 0.0294565, -4.3196e-06, -4.25095e-06, -1.06105e-07, -9.59971e-08
585, 0.0294548, 0.029452, -4.52586e-06, -4.35703e-06, -1.0608e-07, -8.64372e-08
586, 0.029451, 0.0294472, -4.70268e-06, -4.45721e-06, -1.00177e-07, -7.25565e-08
587, 0.0294467, 0.0294424, -4.82077e-06, -4.5397e-06, -8.24945e-08, -5.50079e-08
588, 0.029442, 0.0294375, -4.87951e-06, -4.60454e-06, -6.48366e-08, -3.49686e-08
589, 0.0294364, 0.0294326, -4.93862e-06, -4.65365e-06, -4.91076e-08, -1.41456e-08
590, 0.0294299, 0.0294277, -4.87951e-06, -4.67526e-06, -2.1615e-08, 7.07308e-09
591, 0.029423, 0.0294229, -4.85033e-06, -4.65756e-06, 1.76993e-08, 2.69794e-08
592, 0.0294152, 0.029418, -4.90894e-06, -4.60453e-06, 5.30316e-08, 4.62344e-08
593, 0.0294092, 0.0294131, -4.90894e-06, -4.51025e-06, 9.4283e-08, 6.61402e-08
594, 0.0294045, 0.0294083, -4.7911e-06, -4.38649e-06, 1.23762e-07, 8.60465e-08
595, 0.0293998, 0.0294036, -4.67338e-06, -4.24307e-06, 1.43415e-07, 1.04381e-07
596, 0.0293951, 0.0293991, -4.52598e-06, -4.08592e-06, 1.57149e-07, 1.21277e-07
597, 0.0293908, 0.0293948, -4.26074e-06, -3.915e-06, 1.70925e-07, 1.36731e-07
598, 0.029387, 0.0293909, -3.87753e-06, -3.74016e-06, 1.7484e-07, 1.49436e-07
599, 0.0293841, 0.0293874, -3.52412e-06, -3.55744e-06, 1.82721e-07, 1.57685e-07
600, 0.0293811, 0.0293843, -3.11161e-06, -3.36493e-06, 1.92506e-07, 1.62402e-07
601, 0.0293791, 0.0293815, -2.84625e-06, -3.16651e-06, 1.98417e-07, 1.63321e-07
602, 0.0293766, 0.0293788, -2.66954e-06, -2.97399e-06, 1.92523e-07, 1.62404e-07
603, 0.0293741, 0.0293763, -2.52227e-06, -2.78538e-06, 1.88607e-07, 1.60833e-07
604, 0.0293725, 0.0293739, -2.37475e-06, -2.60268e-06, 1.82705e-07, 1.59132e-07
605, 0.0293718, 0.0293716, -2.25691e-06, -2.43372e-06, 1.68954e-07, 1.57167e-07
606, 0.0293702, 0.0293695, -2.10951e-06, -2.29229e-06, 1.41437e-07, 1.55596e-07
607, 0.0293686, 0.0293675, -2.02134e-06, -2.16851e-06, 1.23779e-07, 1.5363e-07
608, 0.0293665, 0.0293656, -1.93268e-06, -2.06044e-06, 1.08067e-07, 1.51537e-07
609, 0.0293645, 0.0293637, -1.90325e-06, -1.95043e-06, 1.10012e-07, 1.4931e-07
610, 0.029362, 0.0293618, -1.84427e-06, -1.83057e-06, 1.19855e-07, 1.47738e-07
611, 0.0293595, 0.02936, -1.78541e-06, -1.69894e-06, 1.31635e-07, 1.46034e-07
612, 0.029357, 0.0293583, -1.72642e-06, -1.55749e-06, 1.41445e-07, 1.44069e-07
613, 0.0293554, 0.0293565, -1.75598e-06, -1.40622e-06, 1.51272e-07, 1.41842e-07
614, 0.0293538, 0.0293549, -1.66744e-06, -1.25299e-06, 1.53234e-07, 1.40795e-07
615, 0.0293522, 0.0293534, -1.49061e-06, -1.09187e-06, 1.61115e-07, 1.39222e-07
616, 0.0293505, 0.0293522, -1.19607e-06, -9.26869e-07, 1.65006e-07, 1.35684e-07
617, 0.0293489, 0.0293513, -8.71718e-07, -7.57923e-07, 1.68946e-07, 1.27825e-07
618, 0.0293473, 0.0293508, -5.47742e-07, -5.94871e-07, 1.63052e-07, 1.15381e-07
619, 0.0293466, 0.0293505, -2.53071e-07, -4.41637e-07, 1.53234e-07, 9.8878e-08
620, 0.0293454, 0.0293505, 1.21693e-08, -3.06095e-07, 1.35543e-07, 7.92328e-08
621, 0.0293452, 0.0293507, 1.88996e-07, -1.80362e-07, 1.25733e-07, 5.64434e-08
622, 0.0293462, 0.0293511, 3.95377e-07, -8.01765e-08, 1.00185e-07, 3.16898e-08
623, 0.0293486, 0.0293517, 5.42402e-07, -2.5183e-08, 5.49936e-08, 4.44551e-09
624, 0.0293514, 0.0293523, 6.3094e-07, -3.30475e-08, -7.8645e-09, -2.43656e-08
625, 0.0293537, 0.0293529, 6.0151e-07, -9.98626e-08, -6.68152e-08, -5.40951e-08
626, 0.0293557, 0.0293534, 5.13097e-07, -2.15769e-07, -1.15906e-07, -8.29084e-08
627, 0.0293572, 0.0293537, 3.06716e-07, -3.69002e-07, -1.53234e-07, -1.10019e-07
628, 0.0293582, 0.0293538, 1.30013e-07, -5.59572e-07, -1.90569e-07, -1.33592e-07
629, 0.0293597, 0.0293537, -1.64658e-07, -7.77642e-07, -2.1807e-07, -1.53761e-07
630, 0.0293603, 0.029353, -6.65709e-07, -1.02519e-06, -2.4755e-07, -1.68692e-07
631, 0.02936, 0.0293517, -1.31403e-06, -1.29235e-06, -2.67161e-07, -1.76287e-07
632, 0.029358, 0.0293498, -1.87395e-06, -1.56935e-06, -2.76996e-07, -1.74976e-07
633, 0.029355, 0.0293475, -2.28633e-06, -1.8385e-06, -2.69148e-07, -1.65806e-07
634, 0.0293512, 0.029345, -2.55158e-06, -2.09192e-06, -2.53419e-07, -1.50745e-07
635, 0.0293474, 0.0293421, -2.84637e-06, -2.30997e-06, -2.18054e-07, -1.32017e-07
636, 0.0293427, 0.0293391, -3.08206e-06, -2.48678e-06, -1.76811e-07, -1.09751e-07
637, 0.0293362, 0.0293357, -3.31787e-06, -2.61056e-06, -1.23779e-07, -8.53897e-08
638, 0.0293289, 0.0293323, -3.46502e-06, -2.66949e-06, -5.89258e-08, -5.93254e-08
639, 0.0293233, 0.0293288, -3.524e-06, -2.65769e-06, 1.17968e-08, -3.26093e-08
640, 0.0293195, 0.0293253, -3.43571e-06, -2.58696e-06, 7.07308e-08, -5.63043e-09
641, 0.0293174, 0.029322, -3.28819e-06, -2.47695e-06, 1.10012e-07, 1.96475e-08
642, 0.0293145, 0.0293191, -2.96409e-06, -2.34925e-06, 1.27695e-07, 4.28276e-08
643, 0.029312, 0.0293165, -2.52215e-06, -2.20584e-06, 1.43415e-07, 6.16858e-08
644, 0.0293099, 0.0293145, -2.02134e-06, -2.05849e-06, 1.47348e-07, 7.49137e-08
645, 0.0293083, 0.029313, -1.5496e-06, -1.91507e-06, 1.43415e-07, 8.15949e-08
646, 0.0293071, 0.0293118, -1.13708e-06, -1.78149e-06, 1.33581e-07, 8.22489e-08
647, 0.0293064, 0.029311, -8.12983e-07, -1.65381e-06, 1.27686e-07, 7.714e-08
648, 0.0293057, 0.0293104, -6.36155e-07, -1.54379e-06, 1.1002e-07, 6.66623e-08
649, 0.0293067, 0.0293097, -6.36155e-07, -1.4495e-06, 9.4283e-08, 5.25178e-08
650, 0.0293096, 0.0293091, -6.95139e-07, -1.38468e-06, 6.48201e-08, 3.68015e-08
651, 0.0293124, 0.0293082, -8.71842e-07, -1.36308e-06, 2.16067e-08, 2.00382e-08
652, 0.029313, 0.029307, -1.16664e-06, -1.38664e-06, -2.35604e-08, 3.79648e-09
653, 0.0293118, 0.0293056, -1.46131e-06, -1.43575e-06, -4.91159e-08, -1.06096e-08
654, 0.0293111, 0.0293039, -1.6087e-06, -1.50059e-06, -6.48366e-08, -2.29202e-08
655, 0.0293099, 0.0293022, -1.78541e-06, -1.58702e-06, -8.6435e-08, -3.45751e-08
656, 0.0293079, 0.0293003, -1.87395e-06, -1.68918e-06, -1.02156e-07, -4.43977e-08
657, 0.029304, 0.0292983, -1.99179e-06, -1.79723e-06, -1.0805e-07, -5.34328e-08
658, 0.0292989, 0.0292961, -2.19805e-06, -1.90526e-06, -1.08033e-07, -6.05037e-08
659, 0.0292924, 0.0292937, -2.37475e-06, -2.00154e-06, -9.62781e-08, -6.3777e-08
660, 0.0292864, 0.0292914, -2.28633e-06, -2.07422e-06, -7.26763e-08, -6.33851e-08
661, 0.029283, 0.0292893, -2.10963e-06, -2.12529e-06, -5.10779e-08, -6.19452e-08
662, 0.0292796, 0.0292872, -2.10951e-06, -2.17243e-06, -4.71373e-08, -6.01102e-08
663, 0.0292776, 0.029285, -2.16849e-06, -2.20975e-06, -3.73191e-08, -5.59196e-08
664, 0.0292769, 0.0292828, -2.25691e-06, -2.25099e-06, -4.12431e-08, -4.88477e-08
665, 0.0292766, 0.0292805, -2.31564e-06, -2.29224e-06, -4.12431e-08, -3.86321e-08
666, 0.0292767, 0.0292782, -2.31601e-06, -2.31973e-06, -2.74926e-08, -2.64545e-08
667, 0.0292787, 0.0292759, -2.25678e-06, -2.33741e-06, -1.76827e-08, -1.42714e-08
668, 0.0292802, 0.0292737, -2.22748e-06, -2.36493e-06, -2.75175e-08, -3.40243e-09
669, 0.0292794, 0.0292714, -2.31576e-06, -2.40224e-06, -3.73109e-08, 6.42074e-09
670, 0.0292774, 0.029269, -2.34519e-06, -2.42582e-06, -2.35769e-08, 1.63731e-08
671, 0.029274, 0.0292665, -2.49259e-06, -2.42189e-06, 3.92397e-09, 2.51465e-08
672, 0.0292693, 0.0292639, -2.61044e-06, -2.37671e-06, 4.51836e-08, 3.36584e-08
673, 0.0292642, 0.0292613, -2.61044e-06, -2.30208e-06, 7.463e-08, 4.09909e-08
674, 0.0292586, 0.0292587, -2.63999e-06, -2.21561e-06, 8.64681e-08, 4.57046e-08
675, 0.029253, 0.029256, -2.6991e-06, -2.12525e-06, 9.0359e-08, 4.85861e-08
676, 0.0292483, 0.0292533, -2.66929e-06, -2.02898e-06, 9.62698e-08, 5.13378e-08
677, 0.0292445, 0.0292508, -2.46316e-06, -1.92684e-06, 1.02147e-07, 5.38241e-08
678, 0.0292402, 0.0292487, -2.10963e-06, -1.83255e-06, 9.4283e-08, 5.40857e-08
679, 0.0292377, 0.0292471, -1.57915e-06, -1.74612e-06, 8.6435e-08, 5.08124e-08
680, 0.0292374, 0.0292459, -1.19619e-06, -1.67737e-06, 6.8744e-08, 4.26924e-08
681, 0.0292371, 0.0292449, -1.01899e-06, -1.63416e-06, 4.32134e-08, 3.26098e-08
682, 0.0292382, 0.029244, -9.01396e-07, -1.60862e-06, 2.55389e-08, 2.35692e-08
683, 0.0292401, 0.0292432, -7.83429e-07, -1.59486e-06, 1.37587e-08, 1.62356e-08
684, 0.0292425, 0.0292425, -7.83553e-07, -1.59488e-06, -1.65568e-11, 9.68631e-09
685, 0.0292457, 0.0292415, -9.3095e-07, -1.61453e-06, -1.9653e-08, 3.66237e-09
686, 0.0292503, 0.0292403, -1.19607e-06, -1.65971e-06, -4.51754e-08, -7.88658e-10
687, 0.0292514, 0.0292387, -1.57927e-06, -1.73632e-06, -7.66168e-08, -2.75285e-09
688, 0.0292489, 0.0292368, -1.96223e-06, -1.81293e-06, -7.66085e-08, -1.17885e-09
689, 0.0292451, 0.0292345, -2.25691e-06, -1.86207e-06, -4.91407e-08, 3.66789e-09
690, 0.0292412, 0.029232, -2.49272e-06, -1.88172e-06, -1.96447e-08, 1.06091e-08
691, 0.0292365, 0.0292294, -2.66954e-06, -1.88369e-06, -1.97026e-09, 1.85983e-08
692, 0.0292305, 0.0292266, -2.75796e-06, -1.8719e-06, 1.17885e-08, 2.76367e-08
693, 0.0292223, 0.0292238, -2.78726e-06, -1.84438e-06, 2.75175e-08, 3.7722e-08
694, 0.029214, 0.0292211, -2.7284e-06, -1.78741e-06, 5.69721e-08, 4.88532e-08
695, 0.029208, 0.0292187, -2.34532e-06, -1.69506e-06, 9.23541e-08, 6.05092e-08
696, 0.0292033, 0.029217, -1.7561e-06, -1.57914e-06, 1.15914e-07, 6.87595e-08
697, 0.0292008, 0.0292158, -1.19607e-06, -1.44949e-06, 1.29657e-07, 7.11194e-08
