0.0285712, ,,,,,,,,,,,,,,,,,,,,,,
0.0285771,5.90E-06,,,,,,,,,,,,,,,,,,,,,,
0.0285795,2.40E-06,-3.50E-06,,,,,,,,,,,,,,,,,,,,,
0.0285814,1.90E-06,-5.00E-07,,,,,,,,,,,,,,,,,,,,,
0.0285693,-1.21E-05,-1.40E-05,,0.028571922,,,,,,,,,,,,,,,,,,,
0.0285681,-1.20E-06,1.09E-05,,0.028571367,-5.55556E-07,,,,,,,,,,,,,,,,,,
0.0285675,-6.00E-07,6.00E-07,,0.028570089,-1.27778E-06,,,,,,,,,,,,,,,,,,
0.0285669,-6.00E-07,0,,0.028568533,-1.55556E-06,,,,,,,,,,,,,,,,,,
0.0285663,-6.00E-07,0,,0.028566756,-1.77778E-06,,,,,,,,,,,,,,,,,,
0.0285662,-1.00E-07,5.00E-07,,0.028566256,-5E-07,-8.46914E-07,,,,,,,,,,,,,,,,,
0.0285656,-6.00E-07,-5.00E-07,,0.028565822,-4.33333E-07,-8.16049E-07,3.08642E-08,,,,,,,,,,,,,,,,
0.0285655,-1.00E-07,5.00E-07,,0.028565278,-5.44444E-07,-6.67901E-07,1.48148E-07,,,,,,,,,,,,,,,,
0.0285654,-1.00E-07,0,,0.028564733,-5.44444E-07,-4.64198E-07,2.03704E-07,,,,,,,,,,,,,,,,
0.0285648,-6.00E-07,-5.00E-07,,0.0285643,-4.33333E-07,-2.35802E-07,2.28395E-07,,,,,,,,,,,,,,,,
0.0285642,-6.00E-07,0,,0.028564022,-2.77778E-07,-1.74074E-07,6.17284E-08,6.73525E-08,,,,,,,,,,,,,,,
0.0285626,-1.60E-06,-1.00E-06,,0.028564078,5.55556E-08,-1.50617E-07,2.34568E-08,4.69136E-08,,,,,,,,,,,,,,,
0.028562,-6.00E-07,1.00E-06,,0.028564356,2.77778E-07,-1.33333E-07,1.7284E-08,2.46914E-09,,,,,,,,,,,,,,,
0.0285624,4.00E-07,1.00E-06,,0.028564633,2.77778E-07,-1.59259E-07,-2.59259E-08,-5.50069E-08,,,,,,,,,,,,,,,
0.0285637,1.30E-06,9.00E-07,,0.028564689,5.55556E-08,-2.40741E-07,-8.14815E-08,-1.14678E-07,,,,,,,,,,,,,,,
0.0285661,2.40E-06,1.10E-06,,0.028564467,-2.22222E-07,-3.93827E-07,-1.53086E-07,-1.48285E-07,,,,,,,,,,,,,,,
0.028568,1.90E-06,-5.00E-07,,0.028564078,-3.88889E-07,-6.45679E-07,-2.51852E-07,-1.68038E-07,,,,,,,,,,,,,,,
0.0285679,-1.00E-07,-2.00E-06,,0.0285633,-7.77778E-07,-9.59259E-07,-3.1358E-07,-1.78189E-07,,,,,,,,,,,,,,,
0.0285653,-2.60E-06,-2.50E-06,,0.028562133,-1.16667E-06,-1.2679E-06,-3.08642E-07,-1.72565E-07,,,,,,,,,,,,,,,
0.0285622,-3.10E-06,-5.00E-07,,0.028560478,-1.65556E-06,-1.50864E-06,-2.40741E-07,-1.53909E-07,,,,,,,,,,,,,,,
0.0285591,-3.10E-06,0,,0.028558267,-2.21111E-06,-1.66296E-06,-1.54321E-07,-1.19204E-07,,,,,,,,,,,,,,,
0.028555,-4.10E-06,-1.00E-06,,0.028555722,-2.54444E-06,-1.73704E-06,-7.40741E-08,-6.59808E-08,,,,,,,,,,,,,,,
0.0285519,-3.10E-06,1.00E-06,,0.028553222,-2.5E-06,-1.71235E-06,2.46914E-08,-3.15501E-09,,,,,,,,,,,,,,,
0.0285488,-3.10E-06,-3.47E-18,,0.028551111,-2.11111E-06,-1.62593E-06,8.64198E-08,5.45953E-08,,,,,,,,,,,,,,,
0.0285462,-2.60E-06,5.00E-07,,0.0285495,-1.61111E-06,-1.46667E-06,1.59259E-07,9.51989E-08,,,,,,,,,,,,,,,
0.0285451,-1.10E-06,1.50E-06,,0.028548444,-1.05556E-06,-1.23951E-06,2.2716E-07,1.13855E-07,,,,,,,,,,,,,,,
0.0285454,3.00E-07,1.40E-06,,0.028547889,-5.55556E-07,-9.87654E-07,2.51852E-07,1.11248E-07,,,,,,,,,,,,,,,
0.0285463,9.00E-07,6.00E-07,,0.0285475,-3.88889E-07,-7.76543E-07,2.11111E-07,8.79287E-08,,,,,,,,,,,,,,,
0.0285477,1.40E-06,5.00E-07,,0.028547278,-2.22222E-07,-6.51852E-07,1.24691E-07,5.63786E-08,,,,,,,,,,,,,,,
0.0285496,1.90E-06,5.00E-07,,0.028547111,-1.66667E-07,-6.38272E-07,1.35802E-08,1.46776E-08,,,,,,,,,,,,,,,
0.02855,4.00E-07,-1.50E-06,,0.028546833,-2.77778E-07,-7.35802E-07,-9.75309E-08,-3.31962E-08,,,,,,,,,,,,,,,
0.0285484,-1.60E-06,-2.00E-06,,0.028546233,-6E-07,-9.20988E-07,-1.85185E-07,-8.03841E-08,,,,,,,,,,,,,,,
0.0285468,-1.60E-06,-3.47E-18,,0.028545244,-9.88889E-07,-1.11852E-06,-1.97531E-07,-1.1701E-07,,,,,,,,,,,,,,,
0.0285447,-2.10E-06,-5.00E-07,,0.028543756,-1.48889E-06,-1.33457E-06,-2.16049E-07,-1.35802E-07,,,,,,,,,,,,,,,
0.0285426,-2.10E-06,3.47E-18,,0.028541822,-1.93333E-06,-1.53827E-06,-2.03704E-07,-1.3059E-07,,,,,,,,,,,,,,,
0.02854,-2.60E-06,-5.00E-07,,0.0285396,-2.22222E-06,-1.71111E-06,-1.7284E-07,-1.01372E-07,,,,,,,,,,,,,,,
0.0285374,-2.60E-06,3.47E-18,,0.028537433,-2.16667E-06,-1.82963E-06,-1.18519E-07,-5.18519E-08,,,,,,,,,,,,,,,
0.0285343,-3.10E-06,-5.00E-07,,0.028535267,-2.16667E-06,-1.87407E-06,-4.44444E-08,3.84088E-09,,,,,,,,,,,,,,,
0.0285322,-2.10E-06,1.00E-06,,0.028533267,-2E-06,-1.81358E-06,6.04938E-08,6.77641E-08,,,,,,,,,,,,,,,
0.02853,-2.20E-06,-1.00E-07,,0.028531433,-1.83333E-06,-1.64815E-06,1.65432E-07,1.31687E-07,,,,,,,,,,,,,,,
0.0285289,-1.10E-06,1.10E-06,,0.028529767,-1.66667E-06,-1.38765E-06,2.60494E-07,1.91358E-07,,,,,,,,,,,,,,,
0.0285273,-1.60E-06,-5.00E-07,,0.028528378,-1.38889E-06,-1.08395E-06,3.03704E-07,2.42936E-07,,,,,,,,,,,,,,,
0.0285267,-6.00E-07,1.00E-06,,0.028527433,-9.44444E-07,-7.24691E-07,3.59259E-07,2.79424E-07,,,,,,,,,,,,,,,1.49121E-05
0.0285261,-6.00E-07,0,,0.028526989,-4.44444E-07,-3.53086E-07,3.71605E-07,2.93964E-07,,,,,,,,,,,,,,,
0.028525,-1.10E-06,-5.00E-07,,0.028527111,1.22222E-07,1.11111E-08,3.64198E-07,2.82442E-07,,,,,,,,,,,,,,,
0.0285249,-1.00E-07,1.00E-06,,0.028527678,5.66667E-07,3.5679E-07,3.45679E-07,2.4513E-07,,,,,,,,,,,,,,,
0.0285258,9.00E-07,1.00E-06,,0.028528744,1.06667E-06,6.40741E-07,2.83951E-07,1.88615E-07,,,,,,,,,,,,,,,
0.0285282,2.40E-06,1.50E-06,,0.028530089,1.34444E-06,8.32099E-07,1.91358E-07,1.10837E-07,,,,,,,,,,,,,,,
0.0285311,2.90E-06,5.00E-07,,0.028531533,1.44444E-06,8.93827E-07,6.17284E-08,2.34568E-08,,,,,,,,,,,,,,,
0.028534,2.90E-06,0,,0.028532978,1.44444E-06,8.18519E-07,-7.53086E-08,-6.55693E-08,,,,,,,,,,,,,,,
0.0285369,2.90E-06,0,,0.028534144,1.16667E-06,6.1358E-07,-2.04938E-07,-1.51166E-07,,,,,,,,,,,,,,,
0.0285388,1.90E-06,-1.00E-06,,0.028534922,7.77778E-07,2.7284E-07,-3.40741E-07,-2.22359E-07,,,,,,,,,,,,,,,
0.0285391,3.00E-07,-1.60E-06,,0.028535033,1.11111E-07,-1.41975E-07,-4.14815E-07,-2.75171E-07,,,,,,,,,,,,,,,
0.028538,-1.10E-06,-1.40E-06,,0.028534478,-5.55556E-07,-5.79012E-07,-4.37037E-07,-3.01235E-07,,,,,,,,,,,,,,,
0.0285354,-2.60E-06,-1.50E-06,,0.0285332,-1.27778E-06,-1.0037E-06,-4.24691E-07,-3.01097E-07,,,,,,,,,,,,,,,
0.0285328,-2.60E-06,3.47E-18,,0.0285312,-2E-06,-1.36049E-06,-3.5679E-07,-2.72154E-07,,,,,,,,,,,,,,,
0.0285292,-3.60E-06,-1.00E-06,,0.028528811,-2.38889E-06,-1.64444E-06,-2.83951E-07,-2.15089E-07,,,,,,,,,,,,,,,
0.0285261,-3.10E-06,5.00E-07,,0.028526322,-2.48889E-06,-1.81728E-06,-1.7284E-07,-1.43621E-07,,,,,,,,,,,,,,,
0.0285225,-3.60E-06,-5.00E-07,,0.028523944,-2.37778E-06,-1.89136E-06,-7.40741E-08,-6.77641E-08,,,,,,,,,,,,,,,
0.0285189,-3.60E-06,0,,0.0285219,-2.04444E-06,-1.8358E-06,5.55556E-08,5.34979E-09,,,,,,,,,,,,,,,
0.0285173,-1.60E-06,2.00E-06,,0.028520122,-1.77778E-06,-1.66296E-06,1.7284E-07,6.54321E-08,,,,,,,,,,,,,,,
0.0285167,-6.00E-07,1.00E-06,,0.028518678,-1.44444E-06,-1.43457E-06,2.28395E-07,1.14952E-07,,,,,,,,,,,,,,,
0.0285166,-1.00E-07,5.00E-07,,0.028517456,-1.22222E-06,-1.18889E-06,2.45679E-07,1.48697E-07,,,,,,,,,,,,,,,
0.028517,4.00E-07,5.00E-07,,0.028516678,-7.77778E-07,-9.55556E-07,2.33333E-07,1.6941E-07,,,,,,,,,,,,,,,
0.0285168,-2.00E-07,-6.00E-07,,0.028516233,-4.44444E-07,-7.71605E-07,1.83951E-07,1.68861E-07,,,,,,,,,,,,,,,
0.0285162,-6.00E-07,-4.00E-07,,0.0285159,-3.33333E-07,-6.09877E-07,1.61728E-07,1.50343E-07,,,,,,,,,,,,,,,
0.0285151,-1.10E-06,-5.00E-07,,0.028515622,-2.77778E-07,-4.79012E-07,1.30864E-07,1.22222E-07,,,,,,,,,,,,,,,
0.0285155,4.00E-07,1.50E-06,,0.028515344,-2.77778E-07,-3.66667E-07,1.12346E-07,8.80658E-08,,,,,,,,,,,,,,,
0.0285149,-6.00E-07,-1.00E-06,,0.028514956,-3.88889E-07,-3.16049E-07,5.06173E-08,5.25377E-08,,,,,,,,,,,,,,,
0.0285143,-6.00E-07,0,,0.028514633,-3.22222E-07,-3.09877E-07,6.17284E-09,2.24966E-08,,,,,,,,,,,,,,,
0.0285142,-1.00E-07,5.00E-07,,0.028514367,-2.66667E-07,-3.34568E-07,-2.46914E-08,-8.64198E-09,,,,,,,,,,,,,,,
0.0285141,-1.00E-07,0,,0.028514156,-2.11111E-07,-3.96296E-07,-6.17284E-08,-3.84088E-08,,,,,,,,,,,,,,,
0.0285135,-6.00E-07,-5.00E-07,,0.028513833,-3.22222E-07,-4.82716E-07,-8.64198E-08,-6.6118E-08,,,,,,,,,,,,,,,
0.0285139,4.00E-07,1.00E-06,,0.028513444,-3.88889E-07,-5.69136E-07,-8.64198E-08,-8.49108E-08,,,,,,,,,,,,,,,
0.0285138,-1.00E-07,-5.00E-07,,0.028512889,-5.55556E-07,-6.87654E-07,-1.18519E-07,-9.64335E-08,,,,,,,,,,,,,,,
0.0285132,-6.00E-07,-5.00E-07,,0.028512056,-8.33333E-07,-8.24691E-07,-1.37037E-07,-9.90398E-08,,,,,,,,,,,,,,,
0.0285126,-6.00E-07,0,,0.028511,-1.05556E-06,-9.61728E-07,-1.37037E-07,-9.06722E-08,,,,,,,,,,,,,,,
0.0285114,-1.20E-06,-6.00E-07,,0.028509833,-1.16667E-06,-1.08025E-06,-1.18519E-07,-7.40741E-08,,,,,,,,,,,,,,,
0.0285093,-2.10E-06,-9.00E-07,,0.028508444,-1.38889E-06,-1.17778E-06,-9.75309E-08,-5.41838E-08,,,,,,,,,,,,,,,
0.0285067,-2.60E-06,-5.00E-07,,0.028506944,-1.5E-06,-1.22593E-06,-4.81481E-08,-2.59259E-08,,,,,,,,,,,,,,,
0.0285046,-2.10E-06,5.00E-07,,0.0285055,-1.44444E-06,-1.21235E-06,1.35802E-08,7.13306E-09,,,,,,,,,,,,,,,
0.028503,-1.60E-06,5.00E-07,,0.028504111,-1.38889E-06,-1.14938E-06,6.2963E-08,3.95062E-08,,,,,,,,,,,,,,,
0.0285014,-1.60E-06,0,,0.028502844,-1.26667E-06,-1.05679E-06,9.25926E-08,6.91358E-08,,,,,,,,,,,,,,,
0.0285003,-1.10E-06,5.00E-07,,0.028501856,-9.88889E-07,-9.20988E-07,1.35802E-07,9.56104E-08,,,,,,,,,,,,,,,
0.0285002,-1.00E-07,1.00E-06,,0.028501144,-7.11111E-07,-7.60494E-07,1.60494E-07,1.13855E-07,,,,,,,,,,,,,,,
0.0285001,-1.00E-07,0,,0.028500656,-4.88889E-07,-6.06173E-07,1.54321E-07,1.22497E-07,,,,,,,,,,,,,,,
0.0285,-1.00E-07,0,,0.028500322,-3.33333E-07,-4.58025E-07,1.48148E-07,1.22222E-07,,,,,,,,,,,,,,,
0.0285004,4.00E-07,5.00E-07,,0.028500156,-1.66667E-07,-3.17284E-07,1.40741E-07,1.14815E-07,,,,,,,,,,,,,,,
0.0285003,-1.00E-07,-5.00E-07,,0.0285001,-5.55556E-08,-2.01235E-07,1.16049E-07,9.84911E-08,,,,,,,,,,,,,,,
0.0285002,-1.00E-07,0,,0.028500044,-5.55556E-08,-1.09877E-07,9.1358E-08,7.80521E-08,,,,,,,,,,,,,,,
0.0285,-2.00E-07,-1.00E-07,,0.028499989,-5.55556E-08,-4.93827E-08,6.04938E-08,5.88477E-08,,,,,,,,,,,,,,,
0.0284999,-1.00E-07,1.00E-07,,0.028499989,0,-2.34568E-08,2.59259E-08,4.1701E-08,,,,,,,,,,,,,,,
0.0284998,-1.00E-07,-3.47E-18,,0.028500044,5.55556E-08,-3.45679E-08,-1.11111E-08,2.46914E-08,,,,,,,,,,,,,,,
0.0284997,-1.00E-07,3.47E-18,,0.028500156,1.11111E-07,-5.80247E-08,-2.34568E-08,9.73937E-09,,,,,,,,,,,,,,,
0.0284996,-1.00E-07,0,,0.028500211,5.55556E-08,-7.65432E-08,-1.85185E-08,-2.46914E-09,,,,,,,,,,,,,,,
0.0285,4.00E-07,5.00E-07,,0.028500111,-1E-07,-8.2716E-08,-6.17284E-09,-9.19067E-09,,,,,,,,,,,,,,,
0.0285009,9.00E-07,5.00E-07,,0.028499844,-2.66667E-07,-9.50617E-08,-1.23457E-08,-6.72154E-09,,,,,,,,,,,,,,,
0.0285013,4.00E-07,-5.00E-07,,0.028499578,-2.66667E-07,-1.1358E-07,-1.85185E-08,5.34979E-09,,,,,,,,,,,,,,,
0.0285007,-6.00E-07,-1.00E-06,,0.028499356,-2.22222E-07,-1.32099E-07,-1.85185E-08,1.94787E-08,,,,,,,,,,,,,,,
0.0284991,-1.60E-06,-1.00E-06,,0.028499244,-1.11111E-07,-1.32099E-07,-1.15649E-18,3.12757E-08,,,,,,,,,,,,,,,
0.0284975,-1.60E-06,0,,0.028499133,-1.11111E-07,-8.39506E-08,4.81481E-08,3.68999E-08,,,,,,,,,,,,,,,
0.0284974,-1.00E-07,1.50E-06,,0.028499022,-1.11111E-07,1.35802E-08,9.75309E-08,3.90947E-08,,,,,,,,,,,,,,,
0.0284977,3.00E-07,4.00E-07,,0.028498967,-5.55556E-08,1.17284E-07,1.03704E-07,3.78601E-08,,,,,,,,,,,,,,,
0.0284986,9.00E-07,6.00E-07,,0.028499022,5.55556E-08,2.04938E-07,8.76543E-08,3.3059E-08,,,,,,,,,,,,,,,
0.028499,4.00E-07,-5.00E-07,,0.028499356,3.33333E-07,2.49383E-07,4.44444E-08,2.2085E-08,,,,,,,,,,,,,,,
0.0284999,9.00E-07,5.00E-07,,0.028499967,6.11111E-07,2.5679E-07,7.40741E-09,-1.09739E-09,,,,,,,,,,,,,,,
0.0285008,9.00E-07,-3.47E-18,,0.028500633,6.66667E-07,2.2716E-07,-2.96296E-08,-3.59396E-08,,,,,,,,,,,,,,,
0.0285012,4.00E-07,-5.00E-07,,0.0285012,5.66667E-07,1.65432E-07,-6.17284E-08,-7.42112E-08,,,,,,,,,,,,,,,
0.0285021,9.00E-07,5.00E-07,,0.028501489,2.88889E-07,6.66667E-08,-9.87654E-08,-1.08779E-07,,,,,,,,,,,,,,,
0.028503,9.00E-07,3.47E-18,,0.028501444,-4.44444E-08,-9.38272E-08,-1.60494E-07,-1.31687E-07,,,,,,,,,,,,,,,
0.0285034,4.00E-07,-5.00E-07,,0.028501067,-3.77778E-07,-3.09877E-07,-2.16049E-07,-1.40192E-07,,,,,,,,,,,,,,,
0.0285028,-6.00E-07,-1.00E-06,,0.028500456,-6.11111E-07,-5.50617E-07,-2.40741E-07,-1.34979E-07,,,,,,,,,,,,,,,
0.0285012,-1.60E-06,-1.00E-06,,0.028499622,-8.33333E-07,-7.74074E-07,-2.23457E-07,-1.19067E-07,,,,,,,,,,,,,,,
0.0284986,-2.60E-06,-1.00E-06,,0.028498511,-1.11111E-06,-9.35802E-07,-1.61728E-07,-9.21811E-08,,,,,,,,,,,,,,,
0.0284965,-2.10E-06,5.00E-07,,0.028497178,-1.33333E-06,-1.00494E-06,-6.91358E-08,-5.15775E-08,,,,,,,,,,,,,,,
0.0284953,-1.20E-06,9.00E-07,,0.028495678,-1.5E-06,-9.87654E-07,1.7284E-08,6.85871E-10,,,,,,,,,,,,,,,
0.0284937,-1.60E-06,-4.00E-07,,0.028494233,-1.44444E-06,-9.06173E-07,8.14815E-08,6.03567E-08,,,,,,,,,,,,,,,
0.0284921,-1.60E-06,0,,0.028493067,-1.16667E-06,-7.62963E-07,1.4321E-07,1.19479E-07,,,,,,,,,,,,,,,
0.028491,-1.10E-06,5.00E-07,,0.0284924,-6.66667E-07,-5.58025E-07,2.04938E-07,1.69684E-07,,,,,,,,,,,,,,,
0.0284899,-1.10E-06,0,,0.028492178,-2.22222E-07,-3.03704E-07,2.54321E-07,2.03429E-07,,,,,,,,,,,,,,,
0.0284898,-1.00E-07,1.00E-06,,0.0284923,1.22222E-07,-7.40741E-09,2.96296E-07,2.21399E-07,,,,,,,,,,,,,,,
0.0284907,9.00E-07,1.00E-06,,0.028492756,4.55556E-07,3.01235E-07,3.08642E-07,2.26612E-07,,,,,,,,,,,,,,,
0.0284926,1.90E-06,1.00E-06,,0.028493489,7.33333E-07,5.91358E-07,2.90123E-07,2.19479E-07,,,,,,,,,,,,,,,
0.0284945,1.90E-06,0,,0.028494444,9.55556E-07,8.25926E-07,2.34568E-07,2.01372E-07,,,,,,,,,,,,,,,
0.0284964,1.90E-06,3.47E-18,,0.028495611,1.16667E-06,1.00494E-06,1.79012E-07,1.74348E-07,,,,,,,,,,,,,,,
0.0284978,1.40E-06,-5.00E-07,,0.028496944,1.33333E-06,1.13333E-06,1.28395E-07,1.38134E-07,,,,,,,,,,,,,,,
0.0284987,9.00E-07,-5.00E-07,,0.028498389,1.44444E-06,1.21235E-06,7.90123E-08,9.43759E-08,,,,,,,,,,,,,,,
0.0284996,9.00E-07,3.47E-18,,0.028499833,1.44444E-06,1.25432E-06,4.19753E-08,4.51303E-08,,,,,,,,,,,,,,,
0.0285004,8.00E-07,-1.00E-07,,0.028501222,1.38889E-06,1.26543E-06,1.11111E-08,-2.74348E-09,,,,,,,,,,,,,,,
0.0285018,1.40E-06,6.00E-07,,0.0285025,1.27778E-06,1.2358E-06,-2.96296E-08,-4.73251E-08,,,,,,,,,,,,,,,
0.0285037,1.90E-06,5.00E-07,,0.028503667,1.16667E-06,1.15062E-06,-8.51852E-08,-8.62826E-08,,,,,,,,,,,,,,,
0.0285056,1.90E-06,0,,0.028504778,1.11111E-06,9.97531E-07,-1.53086E-07,-1.19067E-07,,,,,,,,,,,,,,,
0.028507,1.40E-06,-5.00E-07,,0.028505833,1.05556E-06,8.01235E-07,-1.96296E-07,-1.47051E-07,,,,,,,,,,,,,,,
0.0285079,9.00E-07,-5.00E-07,,0.028506733,9E-07,5.79012E-07,-2.22222E-07,-1.70919E-07,,,,,,,,,,,,,,,
0.0285083,4.00E-07,-5.00E-07,,0.0285073,5.66667E-07,3.5679E-07,-2.22222E-07,-1.86968E-07,,,,,,,,,,,,,,,
0.0285087,4.00E-07,0,,0.028507367,6.66667E-08,1.40741E-07,-2.16049E-07,-1.88615E-07,,,,,,,,,,,,,,,
0.0285091,4.00E-07,-3.47E-18,,0.028507044,-3.22222E-07,-6.91358E-08,-2.09877E-07,-1.71742E-07,,,,,,,,,,,,,,,
0.0285085,-6.00E-07,-1.00E-06,,0.028506433,-6.11111E-07,-2.7284E-07,-2.03704E-07,-1.41838E-07,,,,,,,,,,,,,,,
0.0285069,-1.60E-06,-1.00E-06,,0.028505711,-7.22222E-07,-4.46914E-07,-1.74074E-07,-1.02606E-07,,,,,,,,,,,,,,,
0.0285043,-2.60E-06,-1.00E-06,,0.028504933,-7.77778E-07,-5.46914E-07,-1E-07,-6.0631E-08,,,,,,,,,,,,,,,
0.0285027,-1.60E-06,1.00E-06,,0.028504156,-7.77778E-07,-5.48148E-07,-1.23457E-09,-1.86557E-08,,,,,,,,,,,,,,,
0.0285015,-1.20E-06,4.00E-07,,0.028503378,-7.77778E-07,-4.75309E-07,7.28395E-08,2.24966E-08,,,,,,,,,,,,,,,
0.0285014,-1.00E-07,1.10E-06,,0.028502711,-6.66667E-07,-3.44444E-07,1.30864E-07,6.36488E-08,,,,,,,,,,,,,,,
0.0285013,-1.00E-07,0,,0.028502378,-3.33333E-07,-1.88889E-07,1.55556E-07,1.01509E-07,,,,,,,,,,,,,,,
0.0285017,4.00E-07,5.00E-07,,0.028502433,5.55556E-08,-2.71605E-08,1.61728E-07,1.25652E-07,,,,,,,,,,,,,,,
0.0285021,4.00E-07,-3.47E-18,,0.028502767,3.33333E-07,1.33333E-07,1.60494E-07,1.33333E-07,,,,,,,,,,,,,,,
0.0285025,4.00E-07,3.47E-18,,0.028503333,5.66667E-07,3E-07,1.66667E-07,1.27984E-07,,,,,,,,,,,,,,,
0.0285039,1.40E-06,1.00E-06,,0.028504011,6.77778E-07,4.66667E-07,1.66667E-07,1.13306E-07,,,,,,,,,,,,,,,
0.0285048,9.00E-07,-5.00E-07,,0.028504689,6.77778E-07,5.83951E-07,1.17284E-07,9.38272E-08,,,,,,,,,,,,,,,
0.0285057,9.00E-07,-3.47E-18,,0.028505356,6.66667E-07,6.51852E-07,6.79012E-08,7.29767E-08,,,,,,,,,,,,,,,
0.0285066,9.00E-07,3.47E-18,,0.028506078,7.22222E-07,6.76543E-07,2.46914E-08,5.04801E-08,,,,,,,,,,,,,,,
0.0285075,9.00E-07,0,,0.028506911,8.33333E-07,6.75309E-07,-1.23457E-09,2.38683E-08,,,,,,,,,,,,,,,
0.0285074,-1.00E-07,-1.00E-06,,0.028507633,7.22222E-07,6.55556E-07,-1.97531E-08,-7.54458E-09,,,,,,,,,,,,,,,
0.0285077,3.00E-07,4.00E-07,,0.0285083,6.66667E-07,6.2963E-07,-2.59259E-08,-3.34705E-08,,,,,,,,,,,,,,,
0.0285086,9.00E-07,6.00E-07,,0.028508856,5.55556E-07,5.87654E-07,-4.19753E-08,-5.47325E-08,,,,,,,,,,,,,,,
0.02851,1.40E-06,5.00E-07,,0.028509411,5.55556E-07,5.14815E-07,-7.28395E-08,-7.18793E-08,,,,,,,,,,,,,,,
0.0285104,4.00E-07,-1.00E-06,,0.028509911,5E-07,3.98765E-07,-1.16049E-07,-8.8203E-08,,,,,,,,,,,,,,,
0.0285108,4.00E-07,-3.47E-18,,0.028510356,4.44444E-07,2.82716E-07,-1.16049E-07,-1.03155E-07,,,,,,,,,,,,,,,
0.0285107,-1.00E-07,-5.00E-07,,0.028510644,2.88889E-07,1.59259E-07,-1.23457E-07,-1.15364E-07,,,,,,,,,,,,,,,
0.0285116,9.00E-07,1.00E-06,,0.028510711,6.66667E-08,2.96296E-08,-1.2963E-07,-1.21125E-07,,,,,,,,,,,,,,,
0.028512,4.00E-07,-5.00E-07,,0.0285105,-2.11111E-07,-1.18519E-07,-1.48148E-07,-1.1797E-07,,,,,,,,,,,,,,,
0.0285114,-6.00E-07,-1.00E-06,,0.028510178,-3.22222E-07,-2.7284E-07,-1.54321E-07,-1.02469E-07,,,,,,,,,,,,,,,
0.0285103,-1.10E-06,-5.00E-07,,0.028509733,-4.44444E-07,-4.08642E-07,-1.35802E-07,-8.28532E-08,,,,,,,,,,,,,,,
0.0285092,-1.10E-06,0,,0.028509122,-6.11111E-07,-5.02469E-07,-9.38272E-08,-5.73388E-08,,,,,,,,,,,,,,,
0.0285081,-1.10E-06,3.47E-18,,0.028508344,-7.77778E-07,-5.46914E-07,-4.44444E-08,-2.42798E-08,,,,,,,,,,,,,,,
0.0285075,-6.00E-07,5.00E-07,,0.028507456,-8.88889E-07,-5.23457E-07,2.34568E-08,1.63237E-08,,,,,,,,,,,,,,,
0.0285068,-7.00E-07,-1.00E-07,,0.028506678,-7.77778E-07,-4.62963E-07,6.04938E-08,6.24143E-08,,,,,,,,,,,,,,,
0.0285052,-1.60E-06,-9.00E-07,,0.028506122,-5.55556E-07,-3.5679E-07,1.06173E-07,1.06996E-07,,,,,,,,,,,,,,,
0.0285046,-6.00E-07,1.00E-06,,0.028505789,-3.33333E-07,-1.88889E-07,1.67901E-07,1.44856E-07,,,,,,,,,,,,,,,
0.028504,-6.00E-07,0,,0.028505789,0,2.83951E-08,2.17284E-07,1.74486E-07,,,,,,,,,,,,,,,
0.0285044,4.00E-07,1.00E-06,,0.028506011,2.22222E-07,2.88889E-07,2.60494E-07,1.91084E-07,,,,,,,,,,,,,,,
0.0285053,9.00E-07,5.00E-07,,0.028506522,5.11111E-07,5.54321E-07,2.65432E-07,2.00137E-07,,,,,,,,,,,,,,,
0.0285062,9.00E-07,-3.47E-18,,0.028507422,9E-07,8.01235E-07,2.46914E-07,1.99177E-07,,,,,,,,,,,,,,,
0.0285081,1.90E-06,1.00E-06,,0.0285086,1.17778E-06,1.02346E-06,2.22222E-07,1.85185E-07,,,,,,,,,,,,,,,
0.0285095,1.40E-06,-5.00E-07,,0.028510056,1.45556E-06,1.1963E-06,1.7284E-07,1.60905E-07,,,,,,,,,,,,,,,
0.0285114,1.90E-06,5.00E-07,,0.028511667,1.61111E-06,1.33827E-06,1.41975E-07,1.27023E-07,,,,,,,,,,,,,,,
0.0285133,1.90E-06,0,,0.028513333,1.66667E-06,1.4358E-06,9.75309E-08,8.87517E-08,,,,,,,,,,,,,,,
0.0285152,1.90E-06,3.47E-18,,0.028515,1.66667E-06,1.47778E-06,4.19753E-08,5.04801E-08,,,,,,,,,,,,,,,
0.0285171,1.90E-06,-3.47E-18,,0.028516556,1.55556E-06,1.47654E-06,-1.23457E-09,1.35802E-08,,,,,,,,,,,,,,,
0.0285189,1.80E-06,-1.00E-07,,0.028518056,1.5E-06,1.4321E-06,-4.44444E-08,-1.71468E-08,,,,,,,,,,,,,,,
0.0285203,1.40E-06,-4.00E-07,,0.028519444,1.38889E-06,1.35309E-06,-7.90123E-08,-4.45816E-08,,,,,,,,,,,,,,,
0.0285212,9.00E-07,-5.00E-07,,0.028520722,1.27778E-06,1.25556E-06,-9.75309E-08,-6.70782E-08,,,,,,,,,,,,,,,
0.0285221,9.00E-07,0,,0.028521889,1.16667E-06,1.14568E-06,-1.09877E-07,-8.40878E-08,,,,,,,,,,,,,,,
0.028523,9.00E-07,-3.47E-18,,0.028522944,1.05556E-06,1.04198E-06,-1.03704E-07,-9.83539E-08,,,,,,,,,,,,,,,
0.0285239,9.00E-07,3.47E-18,,0.028523844,9E-07,9.37037E-07,-1.04938E-07,-1.09877E-07,,,,,,,,,,,,,,,
0.0285248,9.00E-07,-3.47E-18,,0.028524633,7.88889E-07,8.32099E-07,-1.04938E-07,-1.1701E-07,,,,,,,,,,,,,,,
0.0285257,9.00E-07,3.47E-18,,0.028525311,6.77778E-07,7.20988E-07,-1.11111E-07,-1.22771E-07,,,,,,,,,,,,,,,
0.0285266,9.00E-07,-3.47E-18,,0.028525933,6.22222E-07,5.91358E-07,-1.2963E-07,-1.27846E-07,,,,,,,,,,,,,,,
0.028527,4.00E-07,-5.00E-07,,0.028526489,5.55556E-07,4.4321E-07,-1.48148E-07,-1.35665E-07,,,,,,,,,,,,,,,
0.0285274,4.00E-07,0,,0.028526933,4.44444E-07,3E-07,-1.4321E-07,-1.44444E-07,,,,,,,,,,,,,,,
0.0285273,-1.00E-07,-5.00E-07,,0.028527211,2.77778E-07,1.50617E-07,-1.49383E-07,-1.49794E-07,,,,,,,,,,,,,,,
0.0285277,4.00E-07,5.00E-07,,0.028527211,0,-4.93827E-09,-1.55556E-07,-1.48285E-07,,,,,,,,,,,,,,,
0.028528,3.00E-07,-1.00E-07,,0.028526933,-2.77778E-07,-1.79012E-07,-1.74074E-07,-1.37311E-07,,,,,,,,,,,,,,,
0.0285279,-1.00E-07,-4.00E-07,,0.028526544,-3.88889E-07,-3.62963E-07,-1.83951E-07,-1.17421E-07,,,,,,,,,,,,,,,
0.0285273,-6.00E-07,-5.00E-07,,0.028525989,-5.55556E-07,-5.16049E-07,-1.53086E-07,-9.46502E-08,,,,,,,,,,,,,,,
0.0285257,-1.60E-06,-1.00E-06,,0.028525267,-7.22222E-07,-6.1358E-07,-9.75309E-08,-6.70782E-08,,,,,,,,,,,,,,,
0.0285241,-1.60E-06,-3.47E-18,,0.028524322,-9.44444E-07,-6.44444E-07,-3.08642E-08,-3.47051E-08,,,,,,,,,,,,,,,
0.0285235,-6.00E-07,1.00E-06,,0.028523222,-1.1E-06,-6.1358E-07,3.08642E-08,-1.64609E-09,,,,,,,,,,,,,,,
0.0285224,-1.10E-06,-5.00E-07,,0.028522289,-9.33333E-07,-5.51852E-07,6.17284E-08,1.79698E-08,,,,,,,,,,,,,,,
0.0285208,-1.60E-06,-5.00E-07,,0.028521689,-6E-07,-4.53086E-07,9.87654E-08,-2.19479E-09,,,,,,,,,,,,,,,
0.0285192,-1.60E-06,3.47E-18,,0.028521411,-2.77778E-07,-3.17284E-07,1.35802E-07,-8.54595E-08,,,,,,,,,,,,,,,
0.0285181,-1.10E-06,5.00E-07,,0.028521411,0,-1.93827E-07,1.23457E-07,-2.49246E-07,,,,,,,,,,,,,,,
0.0285195,1.40E-06,2.50E-06,,0.028521578,1.66667E-07,-2.01235E-07,-7.40741E-09,-5.08368E-07,,,,,,,,,,,,,,,
0.0285219,2.40E-06,1.00E-06,,0.028521911,3.33333E-07,-5.35802E-07,-3.34568E-07,-8.738E-07,,,,,,,,,,,,,,,
0.0285232,1.30E-06,-1.10E-06,,0.028522411,5E-07,-1.38272E-06,-8.46914E-07,-1.36132E-06,,,,,,,,,,,,,,,
0.0285241,9.00E-07,-4.00E-07,,0.028522578,1.66667E-07,-2.88765E-06,-1.50494E-06,-1.9834E-06,,,,,,,,,,,,,,,
0.028525,9.00E-07,-3.47E-18,,0.028521411,-1.16667E-06,-5.18889E-06,-2.30123E-06,-2.73237E-06,,,,,,,,,,,,,,,
0.0285254,4.00E-07,-5.00E-07,,0.028517467,-3.94444E-06,-8.41605E-06,-3.22716E-06,-3.57517E-06,,,,,,,,,,,,,,,
0.0285253,-1.00E-07,-5.00E-07,,0.028509244,-8.22222E-06,-1.27049E-05,-4.28889E-06,-4.45432E-06,,,,,,,,,,,,,,,
0.0285207,-4.60E-06,-4.50E-06,,0.028495422,-1.38222E-05,-1.81679E-05,-5.46296E-06,-5.31015E-06,,,,,,,,,,,,,,,
0.0285076,-1.31E-05,-8.50E-06,,0.028474711,-2.07111E-05,-2.47852E-05,-6.61728E-06,-6.08957E-06,,,,,,,,,,,,,,,
0.028484,-2.36E-05,-1.05E-05,,0.028445833,-2.88778E-05,-3.23778E-05,-7.59259E-06,-6.7428E-06,,,,,,,,,,,,,,,
0.0284479,-3.61E-05,-1.25E-05,,0.028407567,-3.82667E-05,-4.06247E-05,-8.24691E-06,-7.22593E-06,,,,,,,,,,,,,,,
0.0283988,-4.91E-05,-1.30E-05,,0.0283589,-4.86667E-05,-4.91741E-05,-8.54938E-06,-7.49506E-06,,,,,,,,,,,,,,,
0.0283377,-6.11E-05,-1.20E-05,,0.028299511,-5.93889E-05,-5.76938E-05,-8.51975E-06,-7.50864E-06,,,,,,,,,,,,,,,
0.0282651,-7.26E-05,-1.15E-05,,0.028230011,-6.95E-05,-6.58741E-05,-8.18025E-06,-7.25473E-06,,,,,,,,,,,,,,,
0.028181,-8.41E-05,-1.15E-05,,0.028151844,-7.81667E-05,-7.34494E-05,-7.57531E-06,-6.75871E-06,,,,,,,,,,,,,,,
0.0280873,-9.37E-05,-9.60E-06,,0.028066678,-8.51667E-05,-8.01605E-05,-6.71111E-06,-6.07682E-06,,,,,,,,,,,,,,,
0.0279862,-0.0001011,-7.40E-06,,0.027976178,-9.05E-05,-8.57457E-05,-5.58519E-06,-5.27421E-06,,,,,,,,,,,,,,,
0.0278821,-0.0001041,-3.00E-06,,0.027881844,-9.43333E-05,-9.00778E-05,-4.3321E-06,-4.41385E-06,,,,,,,,,,,,,,,
0.0277805,-0.0001016,2.50E-06,,0.027784789,-9.70556E-05,-9.32062E-05,-3.1284E-06,-3.55089E-06,,,,,,,,,,,,,,,
0.0276814,-9.91E-05,2.50E-06,,0.027686122,-9.86667E-05,-9.5316E-05,-2.10988E-06,-2.72908E-06,,,,,,,,,,,,,,,
0.0275843,-9.71E-05,2.00E-06,,0.027587189,-9.89333E-05,-9.6642E-05,-1.32593E-06,-1.99095E-06,,,,,,,,,,,,,,,
0.0274887,-9.56E-05,1.50E-06,,0.027488811,-9.83778E-05,-9.74185E-05,-7.76543E-07,-1.37874E-06,,,,,,,,,,,,,,,
0.0273916,-9.71E-05,-1.50E-06,,0.027391156,-9.76556E-05,-9.78321E-05,-4.1358E-07,-9.16049E-07,,,,,,,,,,,,,,,
0.027293,-9.86E-05,-1.50E-06,,0.027294,-9.71556E-05,-9.80111E-05,-1.79012E-07,-6.01509E-07,,,,,,,,,,,,,,,
0.0271969,-9.61E-05,2.50E-06,,0.0271969,-9.71E-05,-9.8079E-05,-6.79012E-08,-4.11797E-07,,,,,,,,,,,,,,,
0.0271008,-9.61E-05,3.47E-18,,0.027099411,-9.74889E-05,-9.81543E-05,-7.53086E-08,-3.15364E-07,,,,,,,,,,,,,,,
0.0270032,-9.76E-05,-1.50E-06,,0.027001356,-9.80556E-05,-9.83222E-05,-1.67901E-07,-2.75857E-07,,,,,,,,,,,,,,,
0.0269061,-9.71E-05,5.00E-07,,0.026902689,-9.86667E-05,-9.86198E-05,-2.97531E-07,-2.6406E-07,,,,,,,,,,,,,,,
0.0268075,-9.86E-05,-1.50E-06,,0.026803411,-9.92778E-05,-9.90222E-05,-4.02469E-07,-2.6118E-07,,,,,,,,,,,,,,,
0.0267069,-0.0001006,-2.00E-06,,0.0267038,-9.96111E-05,-9.94802E-05,-4.58025E-07,-2.55556E-07,,,,,,,,,,,,,,,
0.0266062,-0.0001007,-1.00E-07,,0.026603911,-9.98889E-05,-9.99012E-05,-4.20988E-07,-2.44307E-07,,,,,,,,,,,,,,,
0.0265036,-0.0001026,-1.90E-06,,0.026503578,-0.000100333,-0.000100209,-3.07407E-07,-2.22771E-07,,,,,,,,,,,,,,,
0.0263995,-0.0001041,-1.50E-06,,0.0264028,-0.000100778,-0.000100362,-1.53086E-07,-1.83539E-07,,,,,,,,,,,,,,,
0.0263004,-9.91E-05,5.00E-06,,0.026301578,-0.000101222,-0.000100379,-1.7284E-08,-1.25103E-07,,,,,,,,,,,,,,,
0.0262018,-9.86E-05,5.00E-07,,0.0262003,-0.000101278,-0.000100353,2.59259E-08,-4.67764E-08,,,,,,,,,,,,,,,
0.0261002,-0.0001016,-3.00E-06,,0.026099478,-0.000100822,-0.000100327,2.59259E-08,3.22359E-08,,,,,,,,,,,,,,,
0.0259991,-0.0001011,5.00E-07,,0.025999433,-0.000100044,-0.000100272,5.55556E-08,9.02606E-08,,,,,,,,,,,,,,,
0.0258965,-0.0001026,-1.50E-06,,0.0259,-9.94333E-05,-0.000100148,1.23457E-07,1.18107E-07,,,,,,,,,,,,,,,
0.0257954,-0.0001011,1.50E-06,,0.025800622,-9.93778E-05,-9.99012E-05,2.46914E-07,1.24005E-07,,,,,,,,,,,,,,,
0.0256988,-9.66E-05,4.50E-06,,0.025700967,-9.96556E-05,-9.96111E-05,2.90123E-07,1.28532E-07,,,,,,,,,,,,,,,
0.0256032,-9.56E-05,1.00E-06,,0.025601133,-9.98333E-05,-9.93963E-05,2.14815E-07,1.45405E-07,,,,,,,,,,,,,,,
0.0255046,-9.86E-05,-3.00E-06,,0.025501467,-9.96667E-05,-9.92988E-05,9.75309E-08,1.70233E-07,,,,,,,,,,,,,,,
0.025406,-9.86E-05,3.47E-18,,0.025402467,-9.9E-05,-9.9263E-05,3.58025E-08,1.86831E-07,,,,,,,,,,,,,,,
0.0253049,-0.0001011,-2.50E-06,,0.0253038,-9.86667E-05,-9.91963E-05,6.66667E-08,1.75995E-07,,,,,,,,,,,,,,,
0.0252017,-0.0001032,-2.10E-06,,0.025204911,-9.88889E-05,-9.90185E-05,1.77778E-07,1.50069E-07,,,,,,,,,,,,,,,
0.0251021,-9.96E-05,3.60E-06,,0.025105744,-9.91667E-05,-9.87395E-05,2.79012E-07,1.29767E-07,,,,,,,,,,,,,,,
0.0250055,-9.66E-05,3.00E-06,,0.025006633,-9.91111E-05,-9.84667E-05,2.7284E-07,1.23182E-07,,,,,,,,,,,,,,,
0.0249074,-9.81E-05,-1.50E-06,,0.024907856,-9.87778E-05,-9.83173E-05,1.49383E-07,1.22634E-07,,,,,,,,,,,,,,,
0.0248088,-9.86E-05,-5.00E-07,,0.0248098,-9.80556E-05,-9.82605E-05,5.67901E-08,1.11111E-07,,,,,,,,,,,,,,,
0.0247107,-9.81E-05,5.00E-07,,0.024712478,-9.73222E-05,-9.82284E-05,3.20988E-08,7.35254E-08,,,,,,,,,,,,,,,
0.0246126,-9.81E-05,0,,0.024615267,-9.72111E-05,-9.81901E-05,3.82716E-08,1.22085E-08,,,,,,,,,,,,,,,
0.024517,-9.56E-05,2.50E-06,,0.024517611,-9.76556E-05,-9.81593E-05,3.08642E-08,-4.91084E-08,,,,,,,,,,,,,,,
0.0244224,-9.46E-05,1.00E-06,,0.024419456,-9.81556E-05,-9.81963E-05,-3.7037E-08,-8.64198E-08,,,,,,,,,,,,,,,
0.0243258,-9.66E-05,-2.00E-06,,0.024320856,-9.86E-05,-9.83568E-05,-1.60494E-07,-1.03155E-07,,,,,,,,,,,,,,,
0.0242272,-9.86E-05,-2.00E-06,,0.024222033,-9.88222E-05,-9.86296E-05,-2.7284E-07,-1.08916E-07,,,,,,,,,,,,,,,
0.0241266,-0.0001006,-2.00E-06,,0.0241232,-9.88333E-05,-9.89086E-05,-2.79012E-07,-1.11248E-07,,,,,,,,,,,,,,,
0.024024,-0.0001026,-2.00E-06,,0.024024089,-9.91111E-05,-9.90951E-05,-1.8642E-07,-1.13169E-07,,,,,,,,,,,,,,,
0.0239214,-0.0001026,0,,0.023924589,-9.95E-05,-9.91889E-05,-9.38272E-08,-1.04801E-07,,,,,,,,,,,,,,,
0.0238213,-0.0001001,2.50E-06,,0.023824811,-9.97778E-05,-9.92086E-05,-1.97531E-08,-7.65432E-08,,,,,,,,,,,,,,,
0.0237231,-9.82E-05,1.90E-06,,0.023725089,-9.97222E-05,-9.91914E-05,1.7284E-08,-2.82579E-08,,,,,,,,,,,,,,,
0.023625,-9.81E-05,1.00E-07,,0.023625756,-9.93333E-05,-9.91778E-05,1.35802E-08,2.27709E-08,,,,,,,,,,,,,,,
0.0235269,-9.81E-05,0,,0.023526756,-9.9E-05,-9.91395E-05,3.82716E-08,5.99451E-08,,,,,,,,,,,,,,,
0.0234278,-9.91E-05,-1.00E-06,,0.023427978,-9.87778E-05,-9.90457E-05,9.38272E-08,8.61454E-08,,,,,,,,,,,,,,,
0.0233297,-9.81E-05,1.00E-06,,0.023329311,-9.86667E-05,-9.8884E-05,1.61728E-07,1.01372E-07,,,,,,,,,,,,,,,
0.0232326,-9.71E-05,1.00E-06,,0.0232306,-9.87111E-05,-9.87037E-05,1.80247E-07,1.07682E-07,,,,,,,,,,,,,,,
0.023133,-9.96E-05,-2.50E-06,,0.023131833,-9.87667E-05,-9.85556E-05,1.48148E-07,1.10837E-07,,,,,,,,,,,,,,,
0.0230324,-0.0001006,-1.00E-06,,0.023033178,-9.86556E-05,-9.84136E-05,1.41975E-07,1.03704E-07,,,,,,,,,,,,,,,
0.0229333,-9.91E-05,1.50E-06,,0.022934856,-9.83222E-05,-9.82963E-05,1.17284E-07,7.8738E-08,,,,,,,,,,,,,,,
0.0228347,-9.86E-05,5.00E-07,,0.022836756,-9.81E-05,-9.82222E-05,7.40741E-08,3.45679E-08,,,,,,,,,,,,,,,
0.0227361,-9.86E-05,0,,0.022738756,-9.8E-05,-9.81802E-05,4.19753E-08,-1.71468E-08,,,,,,,,,,,,,,,
0.022639,-9.71E-05,1.50E-06,,0.022641033,-9.77222E-05,-9.82062E-05,-2.59259E-08,-6.98217E-08,,,,,,,,,,,,,,,
0.0225429,-9.61E-05,1.00E-06,,0.022543311,-9.77222E-05,-9.8337E-05,-1.30864E-07,-1.28669E-07,,,,,,,,,,,,,,,
0.0224468,-9.61E-05,-3.47E-18,,0.022445311,-9.8E-05,-9.85728E-05,-2.35802E-07,-1.81344E-07,,,,,,,,,,,,,,,
0.0223506,-9.62E-05,-1.00E-07,,0.022346978,-9.83333E-05,-9.8858E-05,-2.85185E-07,-2.20302E-07,,,,,,,,,,,,,,,
0.0222535,-9.71E-05,-9.00E-07,,0.022247978,-9.9E-05,-9.9184E-05,-3.25926E-07,-2.46091E-07,,,,,,,,,,,,,,,
0.0221529,-0.0001006,-3.50E-06,,0.022148144,-9.98333E-05,-9.95716E-05,-3.87654E-07,-2.4513E-07,,,,,,,,,,,,,,,
0.0220513,-0.0001016,-1.00E-06,,0.0220477,-0.000100444,-9.99284E-05,-3.5679E-07,-2.12757E-07,,,,,,,,,,,,,,,
0.0219497,-0.0001016,0,,0.021947033,-0.000100667,-0.000100205,-2.76543E-07,-1.59122E-07,,,,,,,,,,,,,,,
0.0218451,-0.0001046,-3.00E-06,,0.0218461,-0.000100933,-0.000100395,-1.90123E-07,-1.00686E-07,,,,,,,,,,,,,,,
0.0217405,-0.0001046,0,,0.021744889,-0.000101211,-0.000100412,-1.7284E-08,-3.51166E-08,,,,,,,,,,,,,,,
0.0216389,-0.0001016,3.00E-06,,0.021643956,-0.000100933,-0.000100252,1.60494E-07,4.07407E-08,,,,,,,,,,,,,,,
0.0215408,-9.81E-05,3.50E-06,,0.021543467,-0.000100489,-0.000100005,2.46914E-07,1.04252E-07,,,,,,,,,,,,,,,
0.0214422,-9.86E-05,-5.00E-07,,0.021443422,-0.000100044,-9.97642E-05,2.40741E-07,1.47188E-07,,,,,,,,,,,,,,,
0.0213426,-9.96E-05,-1.00E-06,,0.021344267,-9.91556E-05,-9.95E-05,2.64198E-07,1.73663E-07,,,,,,,,,,,,,,,
0.0212445,-9.81E-05,1.50E-06,,0.021245878,-9.83889E-05,-9.92049E-05,2.95062E-07,1.69273E-07,,,,,,,,,,,,,,,
0.0211469,-9.76E-05,5.00E-07,,0.021147656,-9.82222E-05,-9.89901E-05,2.14815E-07,1.35802E-07,,,,,,,,,,,,,,,
0.0210493,-9.76E-05,0,,0.021049156,-9.85E-05,-9.88802E-05,1.09877E-07,9.41015E-08,,,,,,,,,,,,,,,
0.0209527,-9.66E-05,1.00E-06,,0.0209506,-9.85556E-05,-9.88321E-05,4.81481E-08,6.0631E-08,,,,,,,,,,,,,,,
0.020855,-9.77E-05,-1.10E-06,,0.020852044,-9.85556E-05,-9.88889E-05,-5.67901E-08,2.86694E-08,,,,,,,,,,,,,,,
0.0207549,-0.0001001,-2.40E-06,,0.020753044,-9.9E-05,-9.90296E-05,-1.40741E-07,1.37174E-10,,,,,,,,,,,,,,,
0.0206543,-0.0001006,-5.00E-07,,0.020653544,-9.95E-05,-9.9158E-05,-1.28395E-07,-4.52675E-09,,,,,,,,,,,,,,,
0.0205552,-9.91E-05,1.50E-06,,0.020553933,-9.96111E-05,-9.92185E-05,-6.04938E-08,1.34431E-08,,,,,,,,,,,,,,,
0.0204556,-9.96E-05,-5.00E-07,,0.020454267,-9.96667E-05,-9.9242E-05,-2.34568E-08,3.89575E-08,,,,,,,,,,,,,,,
0.0203535,-0.0001021,-2.50E-06,,0.020354611,-9.96556E-05,-9.92037E-05,3.82716E-08,7.27023E-08,,,,,,,,,,,,,,,
0.0202514,-0.0001021,0,,0.020255233,-9.93778E-05,-9.90309E-05,1.7284E-07,1.07407E-07,,,,,,,,,,,,,,,
0.0201528,-9.86E-05,3.50E-06,,0.020156189,-9.90444E-05,-9.87593E-05,2.71605E-07,1.28395E-07,,,,,,,,,,,,,,,
0.0200557,-9.71E-05,1.50E-06,,0.020057422,-9.87667E-05,-9.84815E-05,2.77778E-07,1.28807E-07,,,,,,,,,,,,,,,
0.0199581,-9.76E-05,-5.00E-07,,0.019959211,-9.82111E-05,-9.82346E-05,2.46914E-07,1.14815E-07,,,,,,,,,,,,,,,
0.0198605,-9.76E-05,0,,0.019861767,-9.74444E-05,-9.8063E-05,1.71605E-07,8.09328E-08,,,,,,,,,,,,,,,
0.0197629,-9.76E-05,0,,0.019764711,-9.70556E-05,-9.80025E-05,6.04938E-08,1.52263E-08,,,,,,,,,,,,,,,
0.0196663,-9.66E-05,1.00E-06,,0.0196676,-9.71111E-05,-9.80593E-05,-5.67901E-08,-7.03704E-08,,,,,,,,,,,,,,,
0.0195717,-9.46E-05,2.00E-06,,0.019570156,-9.74444E-05,-9.82086E-05,-1.49383E-07,-1.55281E-07,,,,,,,,,,,,,,,
0.0194765,-9.52E-05,-6.00E-07,,0.019472044,-9.81111E-05,-9.84753E-05,-2.66667E-07,-2.26475E-07,,,,,,,,,,,,,,,
0.0193779,-9.86E-05,-3.40E-06,,0.019373211,-9.88333E-05,-9.88938E-05,-4.18519E-07,-2.68724E-07,,,,,,,,,,,,,,,
0.0192788,-9.91E-05,-5.00E-07,,0.019273656,-9.95556E-05,-9.93926E-05,-4.98765E-07,-2.80796E-07,,,,,,,,,,,,,,,
0.0191787,-0.0001001,-1.00E-06,,0.019173544,-0.000100111,-9.9879E-05,-4.8642E-07,-2.68313E-07,,,,,,,,,,,,,,,
0.0190751,-0.0001036,-3.50E-06,,0.019072933,-0.000100611,-0.000100273,-3.93827E-07,-2.39369E-07,,,,,,,,,,,,,,,
0.018971,-0.0001041,-5.00E-07,,0.018971722,-0.000101211,-0.000100481,-2.08642E-07,-1.92593E-07,,,,,,,,,,,,,,,
0.0188669,-0.0001041,3.47E-18,,0.018870178,-0.000101544,-0.00010053,-4.81481E-08,-1.20165E-07,,,,,,,,,,,,,,,
0.0187653,-0.0001016,2.50E-06,,0.018768689,-0.000101489,-0.000100474,5.55556E-08,-2.9904E-08,,,,,,,,,,,,,,,
0.0186662,-9.91E-05,2.50E-06,,0.0186677,-0.000100989,-0.000100363,1.11111E-07,5.96708E-08,,,,,,,,,,,,,,,
0.0185656,-0.0001006,-1.50E-06,,0.018567711,-9.99889E-05,-0.000100209,1.54321E-07,1.27298E-07,,,,,,,,,,,,,,,
0.018464,-0.0001016,-1.00E-06,,0.018468444,-9.92667E-05,-9.99753E-05,2.33333E-07,1.55144E-07,,,,,,,,,,,,,,,
0.0183654,-9.86E-05,3.00E-06,,0.018369389,-9.90556E-05,-9.96617E-05,3.1358E-07,1.58985E-07,,,,,,,,,,,,,,,
0.0182698,-9.56E-05,3.00E-06,,0.018270278,-9.91111E-05,-9.9342E-05,3.19753E-07,1.59808E-07,,,,,,,,,,,,,,,
0.0181752,-9.46E-05,1.00E-06,,0.018171056,-9.92222E-05,-9.91272E-05,2.14815E-07,1.6406E-07,,,,,,,,,,,,,,,
0.0180776,-9.76E-05,-3.00E-06,,0.018071944,-9.91111E-05,-9.90852E-05,4.19753E-08,1.69684E-07,,,,,,,,,,,,,,,
0.0179754,-0.0001022,-4.60E-06,,0.017973222,-9.87222E-05,-9.90988E-05,-1.35802E-08,1.67901E-07,,,,,,,,,,,,,,,
0.0178733,-0.0001021,1.00E-07,,0.017874611,-9.86111E-05,-9.90358E-05,6.2963E-08,1.56516E-07,,,,,,,,,,,,,,,
0.0177732,-0.0001001,2.00E-06,,0.017775556,-9.90556E-05,-9.88864E-05,1.49383E-07,1.5048E-07,,,,,,,,,,,,,,,
0.0176736,-9.96E-05,5.00E-07,,0.017675944,-9.96111E-05,-9.86815E-05,2.04938E-07,1.69822E-07,,,,,,,,,,,,,,,
0.0175755,-9.81E-05,1.50E-06,,0.017576556,-9.93889E-05,-9.84642E-05,2.17284E-07,2.19342E-07,,,,,,,,,,,,,,,
0.0174779,-9.76E-05,5.00E-07,,0.017478067,-9.84889E-05,-9.82531E-05,2.11111E-07,2.70919E-07,,,,,,,,,,,,,,,
0.0173783,-9.96E-05,-2.00E-06,,0.0173803,-9.77667E-05,-9.79877E-05,2.65432E-07,2.98765E-07,,,,,,,,,,,,,,,
0.0172787,-9.96E-05,3.47E-18,,0.017282922,-9.73778E-05,-9.75988E-05,3.88889E-07,3.06036E-07,,,,,,,,,,,,,,,
0.0171831,-9.56E-05,4.00E-06,,0.017185767,-9.71556E-05,-9.71111E-05,4.87654E-07,3.00274E-07,,,,,,,,,,,,,,,
0.017089,-9.41E-05,1.50E-06,,0.017088944,-9.68222E-05,-9.66605E-05,4.50617E-07,2.85597E-07,,,,,,,,,,,,,,,
0.0169934,-9.56E-05,-1.50E-06,,0.016992722,-9.62222E-05,-9.63469E-05,3.1358E-07,2.58573E-07,,,,,,,,,,,,,,,
0.0168968,-9.66E-05,-1.00E-06,,0.016897167,-9.55556E-05,-9.61321E-05,2.14815E-07,2.08642E-07,,,,,,,,,,,,,,,
0.0167992,-9.76E-05,-1.00E-06,,0.016801944,-9.52222E-05,-9.5979E-05,1.53086E-07,1.32647E-07,,,,,,,,,,,,,,,
0.0167041,-9.51E-05,2.50E-06,,0.016706611,-9.53333E-05,-9.58938E-05,8.51852E-08,3.95062E-08,,,,,,,,,,,,,,,
0.0166119,-9.22E-05,2.90E-06,,0.016610944,-9.56667E-05,-9.59259E-05,-3.20988E-08,-4.95199E-08,,,,,,,,,,,,,,,
0.0165183,-9.36E-05,-1.40E-06,,0.016515111,-9.58333E-05,-9.61099E-05,-1.83951E-07,-1.16461E-07,,,,,,,,,,,,,,,
0.0164217,-9.66E-05,-3.00E-06,,0.016419111,-9.6E-05,-9.64049E-05,-2.95062E-07,-1.67764E-07,,,,,,,,,,,,,,,
0.0163251,-9.66E-05,-3.47E-18,,0.016322722,-9.63889E-05,-9.67556E-05,-3.50617E-07,-2.08093E-07,,,,,,,,,,,,,,,
0.016228,-9.71E-05,-5.00E-07,,0.016225611,-9.71111E-05,-9.71062E-05,-3.50617E-07,-2.32647E-07,,,,,,,,,,,,,,,
0.0161309,-9.71E-05,0,,0.016127733,-9.78778E-05,-9.73951E-05,-2.88889E-07,-2.31139E-07,,,,,,,,,,,,,,,
0.0160328,-9.81E-05,-1.00E-06,,0.016029522,-9.82111E-05,-9.7642E-05,-2.46914E-07,-2.0192E-07,,,,,,,,,,,,,,,
0.0159317,-0.0001011,-3.00E-06,,0.015931144,-9.83778E-05,-9.78519E-05,-2.09877E-07,-1.58985E-07,,,,,,,,,,,,,,,
0.0158301,-0.0001016,-5.00E-07,,0.015832656,-9.84889E-05,-9.79877E-05,-1.35802E-07,-1.10562E-07,,,,,,,,,,,,,,,
0.015731,-9.91E-05,2.50E-06,,0.015734389,-9.82667E-05,-9.80062E-05,-1.85185E-08,-6.62551E-08,,,,,,,,,,,,,,,
0.0156344,-9.66E-05,2.50E-06,,0.015636333,-9.80556E-05,-9.79272E-05,7.90123E-08,-4.04664E-08,,,,,,,,,,,,,,,
0.0155363,-9.81E-05,-1.50E-06,,0.015538444,-9.78889E-05,-9.78358E-05,9.1358E-08,-3.0727E-08,,,,,,,,,,,,,,,
0.0154387,-9.76E-05,5.00E-07,,0.015440833,-9.76111E-05,-9.77506E-05,8.51852E-08,-3.74486E-08,,,,,,,,,,,,,,,
0.0153436,-9.51E-05,2.50E-06,,0.015343556,-9.72778E-05,-9.77025E-05,4.81481E-08,-6.47462E-08,,,,,,,,,,,,,,,
0.0152484,-9.52E-05,-1.00E-07,,0.015246389,-9.71667E-05,-9.77593E-05,-5.67901E-08,-1.07819E-07,,,,,,,,,,,,,,,
0.0151518,-9.66E-05,-1.40E-06,,0.015149,-9.73889E-05,-9.79185E-05,-1.59259E-07,-1.43896E-07,,,,,,,,,,,,,,,
0.0150532,-9.86E-05,-2.00E-06,,0.015051389,-9.76111E-05,-9.81889E-05,-2.7037E-07,-1.32647E-07,,,,,,,,,,,,,,,
0.0149546,-9.86E-05,1.73E-18,,0.014953333,-9.80556E-05,-9.85704E-05,-3.81481E-07,-3.71742E-08,,,,,,,,,,,,,,,
0.0148565,-9.81E-05,5.00E-07,,0.014854556,-9.87778E-05,-9.89765E-05,-4.06173E-07,1.84499E-07,,,,,,,,,,,,,,,
0.0147579,-9.86E-05,-5.00E-07,,0.014755067,-9.94889E-05,-9.92222E-05,-2.45679E-07,5.78326E-07,,,,,,,,,,,,,,,
0.0146578,-0.0001001,-1.50E-06,,0.014654744,-0.000100322,-9.90296E-05,1.92593E-07,1.18299E-06,,,,,,,,,,,,,,,
0.0145562,-0.0001016,-1.50E-06,,0.0145537,-0.000101044,-9.80852E-05,9.44444E-07,2.03457E-06,,,,,,,,,,,,,,,
0.0144546,-0.0001016,0,,0.014452767,-0.000100933,-9.6042E-05,2.04321E-06,3.15569E-06,,,,,,,,,,,,,,,
0.014353,-0.0001016,0,,0.014353389,-9.93778E-05,-9.25543E-05,3.48765E-06,4.53608E-06,,,,,,,,,,,,,,,
0.0142489,-0.0001041,-2.50E-06,,0.014257733,-9.56556E-05,-8.72716E-05,5.28272E-06,6.12565E-06,,,,,,,,,,,,,,,
0.0141438,-0.0001051,-1.00E-06,,0.014168622,-8.91111E-05,-7.98778E-05,7.39383E-06,7.83525E-06,,,,,,,,,,,,,,,
0.0140462,-9.76E-05,7.50E-06,,0.014088956,-7.96667E-05,-7.01691E-05,9.70864E-06,9.56653E-06,,,,,,,,,,,,,,,
0.0139621,-8.41E-05,1.35E-05,,0.014021567,-6.73889E-05,-5.81519E-05,1.20173E-05,1.12176E-05,,,,,,,,,,,,,,,
0.013897,-6.51E-05,1.90E-05,,0.013969622,-5.19444E-05,-4.40914E-05,1.40605E-05,1.26826E-05,,,,,,,,,,,,,,,
0.0138558,-4.12E-05,2.39E-05,,0.013935844,-3.37778E-05,-2.85123E-05,1.5579E-05,1.38487E-05,,,,,,,,,,,,,,,
0.0138392,-1.66E-05,2.46E-05,,0.013922178,-1.36667E-05,-1.19864E-05,1.65259E-05,1.4617E-05,,,,,,,,,,,,,,,
0.0138481,8.90E-06,2.55E-05,,0.0139294,7.22222E-06,4.91605E-06,1.69025E-05,1.49121E-05,,,,,,,,,,-7.35761E-06,,,,,
0.0138855,3.74E-05,2.85E-05,,0.013956567,2.71667E-05,2.15889E-05,1.66728E-05,1.47051E-05,,,,,,,,,,,,,,,
0.0139449,5.94E-05,2.20E-05,,0.014001122,4.45556E-05,3.73667E-05,1.57778E-05,1.40385E-05,,,,,,,,,,,,,,,
0.0140208,7.59E-05,1.65E-05,,0.014060744,5.96222E-05,5.16753E-05,1.43086E-05,1.30064E-05,,,,,,,,,,,,,,,
0.0141112,9.04E-05,1.45E-05,,0.0141332,7.24556E-05,6.40395E-05,1.23642E-05,1.16879E-05,,,,,,,,,,,,,,,
0.0142066,9.54E-05,5.00E-06,,0.014215867,8.26667E-05,7.41938E-05,1.01543E-05,1.01616E-05,,,,,,,,,,,,,,,
0.014298,9.14E-05,-4.00E-06,,0.014305922,9.00556E-05,8.22556E-05,8.06173E-06,8.52318E-06,,,,,,,,,,,,,,,
0.0143924,9.44E-05,3.00E-06,,0.014400922,9.5E-05,8.85457E-05,6.29012E-06,6.8786E-06,,,,,,,,,,,,,,,
0.0144913,9.89E-05,4.50E-06,,0.014498533,9.76111E-05,9.32049E-05,4.65926E-06,5.32387E-06,,,,,,,,,,,,,,,
0.0145921,0.0001008,1.90E-06,,0.014597144,9.86111E-05,9.63704E-05,3.16543E-06,3.94664E-06,,,,,,,,,,,,,,,
0.014696,0.0001039,3.10E-06,,0.014696867,9.97222E-05,9.82975E-05,1.92716E-06,2.79506E-06,,,,,,,,,,,,,,,
0.0147999,0.0001039,-1.73E-18,,0.014798033,0.000101167,9.92741E-05,9.76543E-07,1.84787E-06,,,,,,,,,,,,,,,
0.0148993,9.94E-05,-4.50E-06,,0.014899589,0.000101556,9.95901E-05,3.16049E-07,1.06804E-06,,,,,,,,,,,,,,,
0.0149987,9.94E-05,-1.73E-18,,0.015000533,0.000100944,9.95593E-05,-3.08642E-08,4.65295E-07,,,,,,,,,,,,,,,
0.0151041,0.0001054,6.00E-06,,0.015100544,0.000100011,9.93494E-05,-2.09877E-07,4.43073E-08,,,,,,,,,,,,,,,
0.0152085,0.0001044,-1.00E-06,,0.015199389,9.88444E-05,9.88864E-05,-4.62963E-07,-2.17284E-07,,,,,,,,,,,,,,,
0.0153064,9.79E-05,-6.50E-06,,0.015297233,9.78444E-05,9.8158E-05,-7.28395E-07,-3.49931E-07,,,,,,,,,,,,,,,
0.0153998,9.34E-05,-4.50E-06,,0.015394567,9.73333E-05,9.73926E-05,-7.65432E-07,-3.89986E-07,,,,,,,,,,,,,,,
0.0154922,9.24E-05,-1.00E-06,,0.015491289,9.67222E-05,9.67691E-05,-6.23457E-07,-3.81619E-07,,,,,,,,,,,,,,,
0.0155856,9.34E-05,1.00E-06,,0.015586844,9.55556E-05,9.6342E-05,-4.2716E-07,-3.47188E-07,,,,,,,,,,,,,,,
0.0156805,9.49E-05,1.50E-06,,0.015681456,9.46111E-05,9.61247E-05,-2.17284E-07,-2.69684E-07,,,,,,,,,,,,,,,
0.0157753,9.48E-05,-1.00E-07,,0.015776122,9.46667E-05,9.60802E-05,-4.44444E-08,-1.46228E-07,,,,,,,,,,,,,,,
0.0158692,9.39E-05,-9.00E-07,,0.015871456,9.53333E-05,9.61247E-05,4.44444E-08,-2.00274E-08,,,,,,,,,,,,,,,
0.0159641,9.49E-05,1.00E-06,,0.015967622,9.61667E-05,9.62247E-05,1E-07,7.59945E-08,,,,,,,,,,,,,,,
0.01606,9.59E-05,1.00E-06,,0.016064511,9.68889E-05,9.64593E-05,2.34568E-07,1.31001E-07,,,,,,,,,,,,,,,
0.0161584,9.84E-05,2.50E-06,,0.016161956,9.74444E-05,9.6842E-05,3.82716E-07,1.45542E-07,,,,,,,,,,,,,,,
0.0162578,9.94E-05,1.00E-06,,0.016259689,9.77333E-05,9.72123E-05,3.7037E-07,1.31276E-07,,,,,,,,,,,,,,,
0.0163577,0.0000999,5.00E-07,,0.016357311,9.76222E-05,9.74531E-05,2.40741E-07,1.08368E-07,,,,,,,,,,,,,,,
0.0164576,0.0000999,0,,0.016454978,9.76667E-05,9.7521E-05,6.79012E-08,8.88889E-08,,,,,,,,,,,,,,,
0.0165575,0.0000999,0,,0.016553033,9.80556E-05,9.74346E-05,-8.64198E-08,5.67901E-08,,,,,,,,,,,,,,,
0.0166549,9.74E-05,-2.50E-06,,0.016651033,9.8E-05,9.72617E-05,-1.7284E-07,4.11523E-09,,,,,,,,,,,,,,,
0.0167478,9.29E-05,-4.50E-06,,0.016748533,9.75E-05,9.71E-05,-1.61728E-07,-4.58162E-08,,,,,,,,,,,,,,,
0.0168431,9.53E-05,2.40E-06,,0.016845311,9.67778E-05,9.70247E-05,-7.53086E-08,-7.11934E-08,,,,,,,,,,,,,,,
0.0169425,9.94E-05,4.10E-06,,0.016941422,9.61111E-05,9.69704E-05,-5.4321E-08,-6.2963E-08,,,,,,,,,,,,,,,
0.0170404,9.79E-05,-1.50E-06,,0.017037311,9.58889E-05,9.6879E-05,-9.1358E-08,-2.93553E-08,,,,,,,,,,,,,,,
0.0171353,9.49E-05,-3.00E-06,,0.017133589,9.62778E-05,9.68E-05,-7.90123E-08,9.0535E-09,,,,,,,,,,,,,,,
0.0172287,9.34E-05,-1.50E-06,,0.017230533,9.69444E-05,9.68123E-05,1.23457E-08,2.97668E-08,,,,,,,,,,,,,,,
0.0173226,9.39E-05,5.00E-07,,0.017327711,9.71778E-05,9.69543E-05,1.41975E-07,2.51029E-08,,,,,,,,,,,,,,,
0.0174205,9.79E-05,4.00E-06,,0.017424944,9.72333E-05,9.71704E-05,2.16049E-07,9.0535E-09,,,,,,,,,,,,,,,
0.0175214,0.0001009,3.00E-06,,0.017522233,9.72889E-05,9.73432E-05,1.7284E-07,-9.0535E-09,,,,,,,,,,,,,,,
0.0176203,9.89E-05,-2.00E-06,,0.017619844,9.76111E-05,9.73679E-05,2.46914E-08,-2.57888E-08,,,,,,,,,,,,,,,
0.0177177,9.74E-05,-1.50E-06,,0.0177179,9.80556E-05,9.72506E-05,-1.17284E-07,-5.30864E-08,,,,,,,,,,,,,,,
0.0178176,0.0000999,2.50E-06,,0.017815956,9.80556E-05,9.70519E-05,-1.98765E-07,-9.34156E-08,,,,,,,,,,,,,,,
0.017916,9.84E-05,-1.50E-06,,0.0179134,9.74444E-05,9.67975E-05,-2.54321E-07,-1.29767E-07,,,,,,,,,,,,,,,
0.0180138,9.78E-05,-6.00E-07,,0.0180099,9.65E-05,9.65679E-05,-2.2963E-07,-1.41427E-07,,,,,,,,,,,,,,,
0.0181112,9.74E-05,-4.00E-07,,0.018105789,9.58889E-05,9.63346E-05,-2.33333E-07,-1.16735E-07,,,,,,,,,,,,,,,
0.0182051,9.39E-05,-3.50E-06,,0.018201178,9.53889E-05,9.61136E-05,-2.20988E-07,-6.25514E-08,,,,,,,,,,,,,,,
0.0182975,9.24E-05,-1.50E-06,,0.018296122,9.49444E-05,9.60025E-05,-1.11111E-07,1.09739E-08,,,,,,,,,,,,,,,
0.0183899,9.24E-05,-3.47E-18,,0.018391344,9.52222E-05,9.60704E-05,6.79012E-08,9.27298E-08,,,,,,,,,,,,,,,
0.0184833,9.34E-05,1.00E-06,,0.018486856,9.55111E-05,9.63173E-05,2.46914E-07,1.60082E-07,,,,,,,,,,,,,,,
0.0185762,9.29E-05,-5.00E-07,,0.018582922,9.60667E-05,9.66877E-05,3.7037E-07,2.18107E-07,,,,,,,,,,,,,,,
0.0186721,9.59E-05,3.00E-06,,0.018679978,9.70556E-05,9.71506E-05,4.62963E-07,2.59671E-07,,,,,,,,,,,,,,,
0.018773,0.0001009,5.00E-06,,0.018778033,9.80556E-05,9.76321E-05,4.81481E-07,2.72154E-07,,,,,,,,,,,,,,,
0.0188734,0.0001004,-5.00E-07,,0.018876756,9.87222E-05,9.80086E-05,3.76543E-07,2.49657E-07,,,,,,,,,,,,,,,
0.0189758,0.0001024,2.00E-06,,0.018975978,9.92222E-05,9.82975E-05,2.88889E-07,1.99588E-07,,,,,,,,,,,,,,,
0.0190786,0.0001028,4.00E-07,,0.019075533,9.95556E-05,9.84506E-05,1.53086E-07,1.2963E-07,,,,,,,,,,,,,,,
0.01918,0.0001014,-1.40E-06,,0.019174811,9.92778E-05,9.84519E-05,1.23457E-09,4.66392E-08,,,,,,,,,,,,,,,
0.0192784,9.84E-05,-3.00E-06,,0.019273422,9.86111E-05,9.83173E-05,-1.34568E-07,-3.01783E-08,,,,,,,,,,,,,,,
0.0193763,9.79E-05,-5.00E-07,,0.019371533,9.81111E-05,9.81136E-05,-2.03704E-07,-8.29904E-08,,,,,,,,,,,,,,,
0.0194722,9.59E-05,-2.00E-06,,0.019468978,9.74444E-05,9.78543E-05,-2.59259E-07,-1.15089E-07,,,,,,,,,,,,,,,
0.0195656,9.34E-05,-2.50E-06,,0.019566044,9.70667E-05,9.75704E-05,-2.83951E-07,-1.20439E-07,,,,,,,,,,,,,,,
0.0196605,9.49E-05,1.50E-06,,0.019662889,9.68444E-05,9.73605E-05,-2.09877E-07,-1.08368E-07,,,,,,,,,,,,,,,
0.0197564,9.59E-05,1.00E-06,,0.019759778,9.68889E-05,9.72617E-05,-9.87654E-08,-8.25789E-08,,,,,,,,,,,,,,,
0.0198528,0.0000964,5.00E-07,,0.019856667,9.68889E-05,9.72617E-05,-3.79471E-19,-5.15775E-08,,,,,,,,,,,,,,,
0.0199522,9.94E-05,3.00E-06,,0.019953667,9.7E-05,9.73667E-05,1.04938E-07,-1.37174E-08,,,,,,,,,,,,,,,
0.0200516,9.94E-05,0,,0.020051056,9.73889E-05,9.74765E-05,1.09877E-07,2.7572E-08,,,,,,,,,,,,,,,
0.0201504,9.88E-05,-6.00E-07,,0.020148778,9.77222E-05,9.75741E-05,9.75309E-08,5.63786E-08,,,,,,,,,,,,,,,
0.0202483,9.79E-05,-9.00E-07,,0.020246889,9.81111E-05,9.76494E-05,7.53086E-08,6.39232E-08,,,,,,,,,,,,,,,
0.0203452,9.69E-05,-1.00E-06,,0.020345278,9.83889E-05,9.77309E-05,8.14815E-08,4.47188E-08,,,,,,,,,,,,,,,
0.0204421,9.69E-05,0,,0.020443333,9.80556E-05,9.78185E-05,8.76543E-08,2.88066E-09,,,,,,,,,,,,,,,
0.02054,9.79E-05,1.00E-06,,0.020541056,9.77222E-05,9.78679E-05,4.93827E-08,-3.60768E-08,,,,,,,,,,,,,,,
0.0206394,9.94E-05,1.50E-06,,0.020638622,9.75667E-05,9.7837E-05,-3.08642E-08,-6.74897E-08,,,,,,,,,,,,,,,
0.0207383,9.89E-05,-5.00E-07,,0.020736244,9.76222E-05,9.76642E-05,-1.7284E-07,-9.17695E-08,,,,,,,,,,,,,,,
0.0208347,0.0000964,-2.50E-06,,0.020834033,9.77889E-05,9.73926E-05,-2.71605E-07,-1.15364E-07,,,,,,,,,,,,,,,
0.0209311,0.0000964,0,,0.020931867,9.78333E-05,9.71519E-05,-2.40741E-07,-1.43759E-07,,,,,,,,,,,,,,,
0.0210285,9.74E-05,1.00E-06,,0.021029311,9.74444E-05,9.69667E-05,-1.85185E-07,-1.7037E-07,,,,,,,,,,,,,,,
0.0211269,9.84E-05,1.00E-06,,0.021125867,9.65556E-05,9.68235E-05,-1.4321E-07,-1.7915E-07,,,,,,,,,,,,,,,
0.0212253,9.84E-05,-3.47E-18,,0.021221811,9.59444E-05,9.66926E-05,-1.30864E-07,-1.48971E-07,,,,,,,,,,,,,,,
0.0213226,9.73E-05,-1.10E-06,,0.0213177,9.58889E-05,9.65247E-05,-1.67901E-07,-9.34156E-08,,,,,,,,,,,,,,,
0.021417,9.44E-05,-2.90E-06,,0.021413756,9.60556E-05,9.63346E-05,-1.90123E-07,-4.19753E-08,,,,,,,,,,,,,,,
0.0215084,9.14E-05,-3.00E-06,,0.021510033,9.62778E-05,9.62247E-05,-1.09877E-07,-4.2524E-09,,,,,,,,,,,,,,,
0.0216018,9.34E-05,2.00E-06,,0.021606478,9.64444E-05,9.63235E-05,9.87654E-08,1.98903E-08,,,,,,,,,,,,,,,
0.0216977,9.59E-05,2.50E-06,,0.021702756,9.62778E-05,9.65519E-05,2.28395E-07,3.64883E-08,,,,,,,,,,,,,,,
0.0217956,9.79E-05,2.00E-06,,0.021798878,9.61222E-05,9.67741E-05,2.22222E-07,6.13169E-08,,,,,,,,,,,,,,,
0.021895,9.94E-05,1.50E-06,,0.021895333,9.64556E-05,9.69284E-05,1.54321E-07,9.73937E-08,,,,,,,,,,,,,,,
0.0219949,0.0000999,5.00E-07,,0.021992778,9.74444E-05,9.70025E-05,7.40741E-08,1.22497E-07,,,,,,,,,,,,,,,
0.0220918,9.69E-05,-3.00E-06,,0.022090778,9.8E-05,9.7021E-05,1.85185E-08,1.08916E-07,,,,,,,,,,,,,,,
0.0221877,9.59E-05,-1.00E-06,,0.022188667,9.78889E-05,9.70765E-05,5.55556E-08,7.68176E-08,,,,,,,,,,,,,,,
0.0222851,9.74E-05,1.50E-06,,0.022286111,9.74444E-05,9.72111E-05,1.34568E-07,5.29492E-08,,,,,,,,,,,,,,,
0.0223854,0.0001003,2.90E-06,,0.022383056,9.69444E-05,9.73272E-05,1.16049E-07,4.67764E-08,,,,,,,,,,,,,,,
0.0224838,9.84E-05,-1.90E-06,,0.022479667,9.66111E-05,9.73037E-05,-2.34568E-08,6.04938E-08,,,,,,,,,,,,,,,
0.0225787,9.49E-05,-3.50E-06,,0.022576444,9.67778E-05,9.72432E-05,-6.04938E-08,8.65569E-08,,,,,,,,,,,,,,,
0.0226726,9.39E-05,-1.00E-06,,0.022673778,9.73333E-05,9.72506E-05,7.40741E-09,9.89026E-08,,,,,,,,,,,,,,,
0.0227675,9.49E-05,1.00E-06,,0.022771278,9.75E-05,9.73494E-05,9.87654E-08,8.12071E-08,,,,,,,,,,,,,,,
0.0228644,9.69E-05,2.00E-06,,0.022868511,9.72333E-05,9.75469E-05,1.97531E-07,4.84225E-08,,,,,,,,,,,,,,,
0.0229628,9.84E-05,1.50E-06,,0.022965967,9.74556E-05,9.78E-05,2.53086E-07,9.0535E-09,,,,,,,,,,,,,,,
0.0230637,0.0001009,2.50E-06,,0.023063922,9.79556E-05,9.79667E-05,1.66667E-07,-7.14678E-08,,,,,,,,,,,,,,,
0.0231626,9.89E-05,-2.00E-06,,0.023162256,9.83333E-05,9.7942E-05,-2.46914E-08,-2.20576E-07,,,,,,,,,,,,,,,
0.0232605,9.79E-05,-1.00E-06,,0.023260978,9.87222E-05,9.7763E-05,-1.79012E-07,-4.53635E-07,,,,,,,,,,,,,,,
0.0233609,0.0001004,2.50E-06,,0.023359867,9.88889E-05,9.73852E-05,-3.77778E-07,-7.86831E-07,,,,,,,,,,,,,,,
0.0234603,9.94E-05,-1.00E-06,,0.023458144,9.82778E-05,9.66E-05,-7.85185E-07,-1.21824E-06,,,,,,,,,,,,,,,
0.0235576,9.73E-05,-2.10E-06,,0.023555256,9.71111E-05,9.52654E-05,-1.33457E-06,-1.69355E-06,,,,,,,,,,,,,,,
0.023656,9.84E-05,1.10E-06,,0.023651144,9.58889E-05,9.32667E-05,-1.99877E-06,-2.13457E-06,,,,,,,,,,,,,,,
0.0237544,9.84E-05,0,,0.023744978,9.38333E-05,9.04654E-05,-2.80123E-06,-2.507E-06,,,,,,,,,,,,,,,
0.0238473,9.29E-05,-5.50E-06,,0.023835367,9.03889E-05,8.68358E-05,-3.62963E-06,-2.7716E-06,,,,,,,,,,,,,,,
0.0239377,9.04E-05,-2.50E-06,,0.023921311,8.59444E-05,8.27247E-05,-4.11111E-06,-2.85514E-06,,,,,,,,,,,,,,,
0.0240256,8.79E-05,-2.50E-06,,0.024001656,8.03444E-05,7.87309E-05,-3.99383E-06,-2.7E-06,,,,,,,,,,,,,,,
0.024105,7.94E-05,-8.50E-06,,0.024075167,7.35111E-05,7.52E-05,-3.53086E-06,-2.25377E-06,,,,,,,,,,,,,,,
0.0241744,6.94E-05,-1.00E-05,,0.024141389,6.62222E-05,7.24407E-05,-2.75926E-06,-1.46461E-06,,,,,,,,,,,,,,,
0.0242338,5.94E-05,-1.00E-05,,0.024202667,6.12778E-05,7.09037E-05,-1.53704E-06,-3.32785E-07,,,,,,,,,,,,,,,
0.0242807,4.69E-05,-1.25E-05,,0.024263833,6.11667E-05,7.09654E-05,6.17284E-08,1.0048E-06,,,,,,,,,,,,,,,
0.0243176,3.69E-05,-1.00E-05,,0.024327944,6.41111E-05,7.29827E-05,2.01728E-06,2.34362E-06,,,,,,,,,,,,,,,
0.0243504,3.28E-05,-4.10E-06,,0.024396944,6.9E-05,7.7284E-05,4.30123E-06,3.57682E-06,,,,,,,,,,,,,,,
0.0243988,4.84E-05,1.56E-05,,0.0244735,7.65556E-05,8.38407E-05,6.55679E-06,4.63649E-06,,,,,,,,,,,,,,,
0.0244882,8.94E-05,4.10E-05,,0.02456,8.65E-05,9.17679E-05,7.92716E-06,5.41838E-06,,,,,,,,,,,,,,,
0.0246026,0.0001144,2.50E-05,,0.0246585,9.85E-05,9.98235E-05,8.05556E-06,5.83333E-06,,,,,,,,,,,,,,,
0.024726,0.0001234,9.00E-06,,0.024770722,0.000112222,0.000107391,7.5679E-06,5.81084E-06,,,,,,,,,,,,,,,
0.0248634,0.0001374,1.40E-05,,0.024895956,0.000125233,0.000114169,6.77778E-06,5.28354E-06,,,,,,,,,,,,,,,
0.0250123,0.0001489,1.15E-05,,0.025028578,0.000132622,0.000119669,5.5E-06,4.27641E-06,,,,,,,,,,,,,,,
0.0251672,0.0001549,6.00E-06,,0.025162244,0.000133667,0.000123465,3.7963E-06,3.0011E-06,,,,,,,,,,,,,,,
0.0253276,0.0001604,5.50E-06,,0.025294467,0.000132222,0.00012528,1.81481E-06,1.69259E-06,,,,,,,,,,,,,,,
0.0254775,0.0001499,-1.05E-05,,0.025424467,0.00013,0.000124836,-4.44444E-07,4.41701E-07,,,,,,,,,,,,,,,
0.0255924,0.0001149,-3.50E-05,,0.025550522,0.000126056,0.000122328,-2.50741E-06,-7.11111E-07,,,,,,,,,,,,,,,
0.0256912,9.88E-05,-1.61E-05,,0.025671189,0.000120667,0.000118778,-3.55062E-06,-1.6823E-06,,,,,,,,,,,,,,,
0.0257926,0.0001014,2.60E-06,,0.025786022,0.000114833,0.000115057,-3.72099E-06,-2.40178E-06,,,,,,,,,,,,,,,
0.025896,0.0001034,2.00E-06,,0.025894244,0.000108222,0.000111367,-3.69012E-06,-2.83525E-06,,,,,,,,,,,,,,,
0.0259979,0.0001019,-1.50E-06,,0.025996911,0.000102667,0.000107769,-3.59753E-06,-2.94088E-06,,,,,,,,,,,,,,,
0.0260983,0.0001004,-1.50E-06,,0.026097578,0.000100667,0.000104528,-3.24074E-06,-2.7487E-06,,,,,,,,,,,,,,,
0.0262007,0.0001024,2.00E-06,,0.026197756,0.000100178,0.000101849,-2.67901E-06,-2.41043E-06,,,,,,,,,,,,,,,
0.0263016,0.0001009,-1.50E-06,,0.026296767,9.90111E-05,9.9763E-05,-2.08642E-06,-2.03964E-06,,,,,,,,,,,,,,,
0.0264015,0.0000999,-1.00E-06,,0.026394389,9.76222E-05,9.83679E-05,-1.39506E-06,-1.64348E-06,,,,,,,,,,,,,,,
0.0264984,9.69E-05,-3.00E-06,,0.026491278,9.68889E-05,9.75901E-05,-7.77778E-07,-1.22812E-06,,,,,,,,,,,,,,,
0.0265928,9.44E-05,-2.50E-06,,0.026587833,9.65556E-05,9.7084E-05,-5.06173E-07,-8.39095E-07,,,,,,,,,,,,,,,
0.0266837,9.09E-05,-3.50E-06,,0.026683889,9.60556E-05,9.67E-05,-3.83951E-07,-5.05624E-07,,,,,,,,,,,,,,,
0.0267746,9.09E-05,-3.47E-18,,0.026779556,9.56667E-05,9.65753E-05,-1.24691E-07,-2.34019E-07,,,,,,,,,,,,,,,
0.0268699,9.53E-05,4.40E-06,,0.026875222,9.56667E-05,9.6716E-05,1.40741E-07,-5.02058E-08,,,,,,,,,,,,,,,
0.0269673,9.74E-05,2.10E-06,,0.026971333,9.61111E-05,9.69765E-05,2.60494E-07,3.0727E-08,,,,,,,,,,,,,,,
0.0270652,9.79E-05,5.00E-07,,0.027068056,9.67222E-05,9.72988E-05,3.22222E-07,2.52401E-08,,,,,,,,,,,,,,,
0.0271626,9.74E-05,-5.00E-07,,0.027165944,9.78889E-05,9.76568E-05,3.58025E-07,-6.72154E-08,,,,,,,,,,,,,,,
0.0272625,0.0000999,2.50E-06,,0.027264833,9.88889E-05,9.7916E-05,2.59259E-07,-2.85185E-07,,,,,,,,,,,,,,,
0.0273634,0.0001009,1.00E-06,,0.027364067,9.92333E-05,9.78667E-05,-4.93827E-08,-6.43073E-07,,,,,,,,,,,,,,,
0.0274633,0.0000999,-1.00E-06,,0.027463522,9.94556E-05,9.73111E-05,-5.55556E-07,-1.13306E-06,,,,,,,,,,,,,,,
0.0275647,0.0001014,1.50E-06,,0.0275628,9.92778E-05,9.60951E-05,-1.21605E-06,-1.76159E-06,,,,,,,,,,,,,,,
0.0276646,0.0000999,-1.50E-06,,0.0276608,9.8E-05,9.40086E-05,-2.08642E-06,-2.52071E-06,,,,,,,,,,,,,,,
0.027763,9.84E-05,-1.50E-06,,0.027756022,9.52222E-05,9.09284E-05,-3.08025E-06,-3.36831E-06,,,,,,,,,,,,,,,
0.0278624,9.94E-05,1.00E-06,,0.027847133,9.11111E-05,8.6779E-05,-4.14938E-06,-4.24883E-06,,,,,,,,,,,,,,,
0.0279587,9.63E-05,-3.10E-06,,0.027932911,8.57778E-05,8.14444E-05,-5.33457E-06,-5.10892E-06,,,,,,,,,,,,,,,
0.0280446,8.59E-05,-1.04E-05,,0.028012022,7.91111E-05,7.49704E-05,-6.47407E-06,-5.89835E-06,,,,,,,,,,,,,,,
0.0281195,7.49E-05,-1.10E-05,,0.028083189,7.11667E-05,6.76012E-05,-7.36914E-06,-6.56296E-06,,,,,,,,,,,,,,,
0.0281834,6.39E-05,-1.10E-05,,0.028145078,6.18889E-05,5.96272E-05,-7.97407E-06,-7.05473E-06,,,,,,,,,,,,,,,
0.0282353,5.19E-05,-1.20E-05,,0.028196522,5.14444E-05,5.13309E-05,-8.2963E-06,-7.33237E-06,,,,,,,,,,,,,,,
0.0282767,4.14E-05,-1.05E-05,,0.028237533,4.10111E-05,4.30099E-05,-8.32099E-06,-7.35761E-06,,,,,,,,,,,,,,,
0.0283051,2.84E-05,-1.30E-05,,0.028269211,3.16778E-05,3.4942E-05,-8.0679E-06,-7.13155E-06,,,,,,,,,,,,,,,
0.02832,1.49E-05,-1.35E-05,,0.028292667,2.34556E-05,2.74358E-05,-7.50617E-06,-6.69424E-06,,,,,,,,,,,,,,,
0.0283254,5.40E-06,-9.50E-06,,0.028309111,1.64444E-05,2.07877E-05,-6.64815E-06,-6.08957E-06,,,,,,,,,,,,,,,
0.0283278,2.40E-06,-3.00E-06,,0.02832,1.08889E-05,1.52259E-05,-5.56173E-06,-5.36447E-06,,,,,,,,,,,,,,,
0.0283297,1.90E-06,-5.00E-07,,0.0283265,6.5E-06,1.07864E-05,-4.43951E-06,-4.57078E-06,,,,,,,,,,,,,,,
0.0283306,9.00E-07,-1.00E-06,,0.028330111,3.61111E-06,7.35309E-06,-3.43333E-06,-3.75377E-06,,,,,,,,,,,,,,,
0.0283314,8.00E-07,-1.00E-07,,0.028332167,2.05556E-06,4.82099E-06,-2.5321E-06,-2.96488E-06,,,,,,,,,,,,,,,
0.0283333,1.90E-06,1.10E-06,,0.028333556,1.38889E-06,3.05062E-06,-1.77037E-06,-2.25021E-06,,,,,,,,,,,,,,,
0.0283352,1.90E-06,3.47E-18,,0.028334611,1.05556E-06,1.87284E-06,-1.17778E-06,-1.64321E-06,,,,,,,,,,,,,,,
0.0283376,2.40E-06,5.00E-07,,0.028335389,7.77778E-07,1.15802E-06,-7.14815E-07,-1.15267E-06,,,,,,,,,,,,,,,
0.0283385,9.00E-07,-1.50E-06,,0.028336056,6.66667E-07,7.51852E-07,-4.06173E-07,-7.67764E-07,,,,,,,,,,,,,,,
0.0283379,-6.00E-07,-1.50E-06,,0.028336567,5.11111E-07,5.35802E-07,-2.16049E-07,-4.79561E-07,,,,,,,,,,,,,,,
0.0283373,-6.00E-07,0,,0.028336856,2.88889E-07,4.37037E-07,-9.87654E-08,-2.71331E-07,,,,,,,,,,,,,,,
0.0283367,-6.00E-07,0,,0.028336922,6.66667E-08,4.12346E-07,-2.46914E-08,-1.24143E-07,,,,,,,,,,,,,,,
0.0283366,-1.00E-07,5.00E-07,,0.028336878,-4.44444E-08,4.4321E-07,3.08642E-08,-2.42798E-08,,,,,,,,,,,,,,,
0.028336,-6.00E-07,-5.00E-07,,0.028336989,1.11111E-07,5.04938E-07,6.17284E-08,4.19753E-08,,,,,,,,,,,,,,,
0.0283359,-1.00E-07,5.00E-07,,0.028337489,5E-07,6.08642E-07,1.03704E-07,8.25789E-08,,,,,,,,,,,,,,,
0.0283358,-1.00E-07,0,,0.028338322,8.33333E-07,7.55556E-07,1.46914E-07,1.00549E-07,,,,,,,,,,,,,,,
0.0283372,1.40E-06,1.50E-06,,0.028339378,1.05556E-06,9.39506E-07,1.83951E-07,1.01372E-07,,,,,,,,,,,,,,,
0.0283395,2.30E-06,9.00E-07,,0.0283406,1.22222E-06,1.12963E-06,1.90123E-07,9.12209E-08,,,,,,,,,,,,,,,
0.0283424,2.90E-06,6.00E-07,,0.028342044,1.44444E-06,1.27901E-06,1.49383E-07,7.27023E-08,,,,,,,,,,,,,,,
0.0283448,2.40E-06,-5.00E-07,,0.028343656,1.61111E-06,1.34198E-06,6.2963E-08,4.47188E-08,,,,,,,,,,,,,,,
0.0283462,1.40E-06,-1.00E-06,,0.028345378,1.72222E-06,1.32469E-06,-1.7284E-08,7.81893E-09,,,,,,,,,,,,,,,
0.0283476,1.40E-06,3.47E-18,,0.028347044,1.66667E-06,1.2642E-06,-6.04938E-08,-3.52538E-08,,,,,,,,,,,,,,,
0.028349,1.40E-06,-3.47E-18,,0.0283485,1.45556E-06,1.15926E-06,-1.04938E-07,-7.83265E-08,,,,,,,,,,,,,,,
0.0283504,1.40E-06,3.47E-18,,0.028349567,1.06667E-06,1.01111E-06,-1.48148E-07,-1.12209E-07,,,,,,,,,,,,,,,
0.0283513,9.00E-07,-5.00E-07,,0.028350244,6.77778E-07,8.25926E-07,-1.85185E-07,-1.26886E-07,,,,,,,,,,,,,,,
0.0283522,9.00E-07,3.47E-18,,0.028350756,5.11111E-07,6.22222E-07,-2.03704E-07,-1.23731E-07,,,,,,,,,,,,,,,
0.0283526,4.00E-07,-5.00E-07,,0.028351033,2.77778E-07,4.24691E-07,-1.97531E-07,-1.10974E-07,,,,,,,,,,,,,,,
0.028352,-6.00E-07,-1.00E-06,,0.028351144,1.11111E-07,2.69136E-07,-1.55556E-07,-8.88889E-08,,,,,,,,,,,,,,,
0.0283509,-1.10E-06,-5.00E-07,,0.028351089,-5.55556E-08,2E-07,-6.91358E-08,-6.0631E-08,,,,,,,,,,,,,,,
0.0283508,-1.00E-07,1.00E-06,,0.028350978,-1.11111E-07,2.11111E-07,1.11111E-08,-2.68861E-08,,,,,,,,,,,,,,,
0.0283501,-7.00E-07,-6.00E-07,,0.028350867,-1.11111E-07,2.65432E-07,5.4321E-08,8.91632E-09,,,,,,,,,,,,,,,
0.02835,-1.00E-07,6.00E-07,,0.028350922,5.55556E-08,3.59259E-07,9.38272E-08,4.2524E-08,,,,,,,,,,,,,,,
0.0283499,-1.00E-07,0,,0.028351367,4.44444E-07,4.65432E-07,1.06173E-07,6.66667E-08,,,,,,,,,,,,,,,
0.0283503,4.00E-07,5.00E-07,,0.028352144,7.77778E-07,5.83951E-07,1.18519E-07,7.29767E-08,,,,,,,,,,,,,,,
0.0283512,9.00E-07,5.00E-07,,0.028353144,1E-06,7.02469E-07,1.18519E-07,6.48834E-08,,,,,,,,,,,,,,,
0.0283531,1.90E-06,1.00E-06,,0.028354267,1.12222E-06,8.07407E-07,1.04938E-07,4.85597E-08,,,,,,,,,,,,,,,
0.028356,2.90E-06,1.00E-06,,0.028355333,1.06667E-06,8.69136E-07,6.17284E-08,2.77092E-08,,,,,,,,,,,,,,,
0.0283579,1.90E-06,-1.00E-06,,0.028356344,1.01111E-06,8.5679E-07,-1.23457E-08,8.23045E-09,,,,,,,,,,,,,,,
0.0283598,1.90E-06,3.47E-18,,0.0283573,9.55556E-07,7.95062E-07,-6.17284E-08,-9.87654E-09,,,,,,,,,,,,,,,
0.0283602,4.00E-07,-1.50E-06,,0.028358133,8.33333E-07,7.02469E-07,-9.25926E-08,-2.66118E-08,,,,,,,,,,,,,,,
0.0283596,-6.00E-07,-1.00E-06,,0.028358744,6.11111E-07,6.08642E-07,-9.38272E-08,-4.0192E-08,,,,,,,,,,,,,,,
0.028359,-6.00E-07,0,,0.028359078,3.33333E-07,5.39506E-07,-6.91358E-08,-4.69136E-08,,,,,,,,,,,,,,,
0.0283589,-1.00E-07,5.00E-07,,0.0283593,2.22222E-07,4.95062E-07,-4.44444E-08,-4.33471E-08,,,,,,,,,,,,,,,
0.0283587,-2.00E-07,-1.00E-07,,0.028359467,1.66667E-07,4.62963E-07,-3.20988E-08,-3.51166E-08,,,,,,,,,,,,,,,
0.0283586,-1.00E-07,1.00E-07,,0.028359744,2.77778E-07,4.45679E-07,-1.7284E-08,-2.48285E-08,,,,,,,,,,,,,,,
0.028359,4.00E-07,5.00E-07,,0.028360189,4.44444E-07,4.46914E-07,1.23457E-09,-1.85185E-08,,,,,,,,,,,,,,,
0.0283599,9.00E-07,5.00E-07,,0.0283608,6.11111E-07,4.66667E-07,1.97531E-08,-1.83813E-08,,,,,,,,,,,,,,,
0.0283613,1.40E-06,5.00E-07,,0.028361467,6.66667E-07,4.79012E-07,1.23457E-08,-2.37311E-08,,,,,,,,,,,,,,,
0.0283627,1.40E-06,3.47E-18,,0.028362144,6.77778E-07,4.79012E-07,0,-3.31962E-08,,,,,,,,,,,,,,,
0.0283636,9.00E-07,-5.00E-07,,0.028362767,6.22222E-07,4.41975E-07,-3.7037E-08,-4.78738E-08,,,,,,,,,,,,,,,
0.0283645,9.00E-07,3.47E-18,,0.028363278,5.11111E-07,3.74074E-07,-6.79012E-08,-6.66667E-08,,,,,,,,,,,,,,,
0.0283649,4.00E-07,-5.00E-07,,0.028363611,3.33333E-07,2.81481E-07,-9.25926E-08,-8.8203E-08,,,,,,,,,,,,,,,
0.0283648,-1.00E-07,-5.00E-07,,0.028363778,1.66667E-07,1.64198E-07,-1.17284E-07,-1.08642E-07,,,,,,,,,,,,,,,
0.0283642,-6.00E-07,-5.00E-07,,0.028363722,-5.55556E-08,1.48148E-08,-1.49383E-07,-1.28395E-07,,,,,,,,,,,,,,,
0.0283636,-6.00E-07,0,,0.028363556,-1.66667E-07,-1.53086E-07,-1.67901E-07,-1.44033E-07,,,,,,,,,,,,,,,
0.0283629,-7.00E-07,-1.00E-07,,0.028363333,-2.22222E-07,-3.2716E-07,-1.74074E-07,-1.58985E-07,,,,,,,,,,,,,,,
0.0283628,-1.00E-07,6.00E-07,,0.028362944,-3.88889E-07,-4.98765E-07,-1.71605E-07,-1.72702E-07,,,,,,,,,,,,,,,
0.0283622,-6.00E-07,-5.00E-07,,0.028362278,-6.66667E-07,-6.76543E-07,-1.77778E-07,-1.80247E-07,,,,,,,,,,,,,,,
0.0283621,-1.00E-07,5.00E-07,,0.028361389,-8.88889E-07,-8.54321E-07,-1.77778E-07,-1.7668E-07,,,,,,,,,,,,,,,
0.0283625,4.00E-07,5.00E-07,,0.028360333,-1.05556E-06,-1.05679E-06,-2.02469E-07,-1.66255E-07,,,,,,,,,,,,,,,
0.0283614,-1.10E-06,-1.50E-06,,0.028359122,-1.21111E-06,-1.27284E-06,-2.16049E-07,-1.51029E-07,,,,,,,,,,,,,,,
0.0283588,-2.60E-06,-1.50E-06,,0.028357689,-1.43333E-06,-1.45802E-06,-1.85185E-07,-1.32099E-07,,,,,,,,,,,,,,,
0.0283562,-2.60E-06,0,,0.028356033,-1.65556E-06,-1.57531E-06,-1.17284E-07,-1.08368E-07,,,,,,,,,,,,,,,
0.0283541,-2.10E-06,5.00E-07,,0.028354044,-1.98889E-06,-1.64938E-06,-7.40741E-08,-7.91495E-08,,,,,,,,,,,,,,,
0.028352,-2.10E-06,0,,0.028351878,-2.16667E-06,-1.68642E-06,-3.7037E-08,-3.96433E-08,,,,,,,,,,,,,,,
0.0283499,-2.10E-06,3.47E-18,,0.028349822,-2.05556E-06,-1.68765E-06,-1.23457E-09,4.38957E-09,,,,,,,,,,,,,,,
0.0283473,-2.60E-06,-5.00E-07,,0.0283481,-1.72222E-06,-1.65185E-06,3.58025E-08,4.43073E-08,,,,,,,,,,,,,,,
0.0283442,-3.10E-06,-5.00E-07,,0.028346544,-1.55556E-06,-1.56667E-06,8.51852E-08,7.3251E-08,,,,,,,,,,,,,,,
0.028343,-1.20E-06,1.90E-06,,0.028345156,-1.38889E-06,-1.41358E-06,1.53086E-07,9.80796E-08,,,,,,,,,,,,,,,
0.0283429,-1.00E-07,1.10E-06,,0.028343933,-1.22222E-06,-1.23333E-06,1.80247E-07,1.17284E-07,,,,,,,,,,,,,,,
0.0283433,4.00E-07,5.00E-07,,0.028342822,-1.11111E-06,-1.05926E-06,1.74074E-07,1.33196E-07,,,,,,,,,,,,,,,
0.0283422,-1.10E-06,-1.50E-06,,0.028341933,-8.88889E-07,-9.16049E-07,1.4321E-07,1.47737E-07,,,,,,,,,,,,,,,
0.0283416,-6.00E-07,5.00E-07,,0.028341322,-6.11111E-07,-7.66667E-07,1.49383E-07,1.57476E-07,,,,,,,,,,,,,,,
0.028341,-6.00E-07,0,,0.028340778,-5.44444E-07,-6.30864E-07,1.35802E-07,1.57613E-07,,,,,,,,,,,,,,,
0.0283399,-1.10E-06,-5.00E-07,,0.028340289,-4.88889E-07,-4.88889E-07,1.41975E-07,1.53224E-07,,,,,,,,,,,,,,,
0.0283393,-6.00E-07,5.00E-07,,0.028339856,-4.33333E-07,-3.22222E-07,1.66667E-07,1.46776E-07,,,,,,,,,,,,,,,
0.0283387,-6.00E-07,0,,0.028339644,-2.11111E-07,-1.49383E-07,1.7284E-07,1.40329E-07,,,,,,,,,,,,,,,
0.0283381,-6.00E-07,0,,0.028339478,-1.66667E-07,4.93827E-09,1.54321E-07,1.28395E-07,,,,,,,,,,,,,,,
0.0283385,4.00E-07,1.00E-06,,0.028339533,5.55556E-08,1.45679E-07,1.40741E-07,1.15501E-07,,,,,,,,,,,,,,,
0.0283394,9.00E-07,5.00E-07,,0.028339922,3.88889E-07,2.61728E-07,1.16049E-07,9.369E-08,,,,,,,,,,,,,,,
0.0283403,9.00E-07,-3.47E-18,,0.028340589,6.66667E-07,3.46914E-07,8.51852E-08,5.88477E-08,,,,,,,,,,,,,,,
0.0283401,-2.00E-07,-1.10E-06,,0.028341367,7.77778E-07,3.88889E-07,4.19753E-08,1.63237E-08,,,,,,,,,,,,,,,
0.0283415,1.40E-06,1.60E-06,,0.028342089,7.22222E-07,4.08642E-07,1.97531E-08,-2.62003E-08,,,,,,,,,,,,,,,
0.0283434,1.90E-06,5.00E-07,,0.028342644,5.55556E-07,3.54321E-07,-5.4321E-08,-6.44719E-08,,,,,,,,,,,,,,,
0.0283453,1.90E-06,-3.47E-18,,0.028342978,3.33333E-07,2.07407E-07,-1.46914E-07,-9.58848E-08,,,,,,,,,,,,,,,
0.0283457,4.00E-07,-1.50E-06,,0.028343144,1.66667E-07,-2.46914E-09,-2.09877E-07,-1.18381E-07,,,,,,,,,,,,,,,
0.0283446,-1.10E-06,-1.50E-06,,0.028343156,1.11111E-08,-2.30864E-07,-2.28395E-07,-1.31962E-07,,,,,,,,,,,,,,,
0.0283435,-1.10E-06,0,,0.028342722,-4.33333E-07,-4.34568E-07,-2.03704E-07,-1.39095E-07,,,,,,,,,,,,,,,
0.0283424,-1.10E-06,0,,0.028341789,-9.33333E-07,-6.01235E-07,-1.66667E-07,-1.29081E-07,,,,,,,,,,,,,,,
0.0283418,-6.00E-07,5.00E-07,,0.028340567,-1.22222E-06,-7.18519E-07,-1.17284E-07,-9.9177E-08,,,,,,,,,,,,,,,
0.0283402,-1.60E-06,-1.00E-06,,0.028339289,-1.27778E-06,-7.98765E-07,-8.02469E-08,-5.72016E-08,,,,,,,,,,,,,,,
0.0283376,-2.60E-06,-1.00E-06,,0.028338178,-1.11111E-06,-8.4321E-07,-4.44444E-08,-1.11111E-08,,,,,,,,,,,,,,,
0.028335,-2.60E-06,-3.47E-18,,0.028337233,-9.44444E-07,-8.07407E-07,3.58025E-08,3.01783E-08,,,,,,,,,,,,,,,
0.0283343,-7.00E-07,1.90E-06,,0.028336511,-7.22222E-07,-6.85185E-07,1.22222E-07,6.46091E-08,,,,,,,,,,,,,,,
0.0283342,-1.00E-07,6.00E-07,,0.028335956,-5.55556E-07,-5.17284E-07,1.67901E-07,8.93004E-08,,,,,,,,,,,,,,,
0.0283346,4.00E-07,5.00E-07,,0.028335567,-3.88889E-07,-3.30864E-07,1.8642E-07,1.06447E-07,,,,,,,,,,,,,,,
0.028335,4.00E-07,-3.47E-18,,0.028335456,-1.11111E-07,-1.62963E-07,1.67901E-07,1.1893E-07,,,,,,,,,,,,,,,
0.0283359,9.00E-07,5.00E-07,,0.028335622,1.66667E-07,-1.97531E-08,1.4321E-07,1.21811E-07,,,,,,,,,,,,,,,
0.0283368,9.00E-07,-3.47E-18,,0.028335911,2.88889E-07,8.51852E-08,1.04938E-07,1.14403E-07,,,,,,,,,,,,,,,
0.0283367,-1.00E-07,-1.00E-06,,0.028336311,4E-07,1.59259E-07,7.40741E-08,1.02469E-07,,,,,,,,,,,,,,,
0.0283366,-1.00E-07,0,,0.028336711,4E-07,2.2716E-07,6.79012E-08,8.91632E-08,,,,,,,,,,,,,,,
0.0283365,-1.00E-07,0,,0.028337056,3.44444E-07,2.88889E-07,6.17284E-08,8.20302E-08,,,,,,,,,,,,,,,
0.0283369,4.00E-07,5.00E-07,,0.028337278,2.22222E-07,3.44444E-07,5.55556E-08,8.31276E-08,,,,,,,,,,,,,,,
0.0283378,9.00E-07,5.00E-07,,0.028337389,1.11111E-07,4.04938E-07,6.04938E-08,9.35528E-08,,,,,,,,,,,,,,,
0.0283382,4.00E-07,-5.00E-07,,0.028337611,2.22222E-07,4.71605E-07,6.66667E-08,1.10837E-07,,,,,,,,,,,,,,,
0.0283381,-1.00E-07,-5.00E-07,,0.028338056,4.44444E-07,5.75309E-07,1.03704E-07,1.24691E-07,,,,,,,,,,,,,,,
0.0283379,-2.00E-07,-1.00E-07,,0.028338722,6.66667E-07,7.28395E-07,1.53086E-07,1.30316E-07,,,,,,,,,,,,,,,
0.0283378,-1.00E-07,1.00E-07,,0.028339556,8.33333E-07,9.2716E-07,1.98765E-07,1.262E-07,,,,,,,,,,,,,,,
0.0283387,9.00E-07,1.00E-06,,0.028340556,1E-06,1.15679E-06,2.2963E-07,1.11248E-07,,,,,,,,,,,,,,,
0.0283406,1.90E-06,1.00E-06,,0.028341889,1.33333E-06,1.34938E-06,1.92593E-07,8.39506E-08,,,,,,,,,,,,,,,
0.0283425,1.90E-06,0,,0.028343611,1.72222E-06,1.46173E-06,1.12346E-07,3.88203E-08,,,,,,,,,,,,,,,
0.0283444,1.90E-06,0,,0.028345622,2.01111E-06,1.48025E-06,1.85185E-08,-2.41427E-08,,,,,,,,,,,,,,,
0.0283468,2.40E-06,5.00E-07,,0.0283478,2.17778E-06,1.40617E-06,-7.40741E-08,-9.9177E-08,,,,,,,,,,,,,,,
0.0283502,3.40E-06,1.00E-06,,0.028349756,1.95556E-06,1.22716E-06,-1.79012E-07,-1.79012E-07,,,,,,,,,,,,,,,
0.0283536,3.40E-06,0,,0.028351211,1.45556E-06,9.24691E-07,-3.02469E-07,-2.45816E-07,,,,,,,,,,,,,,,
0.028356,2.40E-06,-1.00E-06,,0.028352044,8.33333E-07,5.11111E-07,-4.1358E-07,-2.88615E-07,,,,,,,,,,,,,,,
0.0283574,1.40E-06,-1.00E-06,,0.028352211,1.66667E-07,3.45679E-08,-4.76543E-07,-3.02881E-07,,,,,,,,,,,,,,,
0.0283563,-1.10E-06,-2.50E-06,,0.0283516,-6.11111E-07,-4.54321E-07,-4.88889E-07,-2.87654E-07,,,,,,,,,,,,,,,
0.0283537,-2.60E-06,-1.50E-06,,0.028350211,-1.38889E-06,-8.62963E-07,-4.08642E-07,-2.40878E-07,,,,,,,,,,,,,,,
0.02835,-3.70E-06,-1.10E-06,,0.028348211,-2E-06,-1.1358E-06,-2.7284E-07,-1.63237E-07,,,,,,,,,,,,,,,
0.0283459,-4.10E-06,-4.00E-07,,0.028345933,-2.27778E-06,-1.24568E-06,-1.09877E-07,-6.3786E-08,,,,,,,,,,,,,,,
0.0283413,-4.60E-06,-5.00E-07,,0.028343711,-2.22222E-06,-1.18272E-06,6.2963E-08,4.33471E-08,,,,,,,,,,,,,,,
0.0283377,-3.60E-06,1.00E-06,,0.028341989,-1.72222E-06,-9.40741E-07,2.41975E-07,1.45679E-07,,,,,,,,,,,,,,,
0.0283356,-2.10E-06,1.50E-06,,0.028340989,-1E-06,-5.44444E-07,3.96296E-07,2.25377E-07,,,,,,,,,,,,,,,
0.0283355,-1.00E-07,2.00E-06,,0.028340833,-1.55556E-07,-6.2963E-08,4.81481E-07,2.7284E-07,,,,,,,,,,,,,,,
0.0283374,1.90E-06,2.00E-06,,0.028341567,7.33333E-07,4.24691E-07,4.87654E-07,2.83539E-07,,,,,,,,,,,,,,,
0.0283408,3.40E-06,1.50E-06,,0.028343133,1.56667E-06,8.5679E-07,4.32099E-07,2.57888E-07,,,,,,,,,,,,,,,
0.0283447,3.90E-06,5.00E-07,,0.028345311,2.17778E-06,1.16543E-06,3.08642E-07,1.98628E-07,,,,,,,,,,,,,,,
0.0283486,3.90E-06,0,,0.028347644,2.33333E-06,1.31975E-06,1.54321E-07,1.13992E-07,,,,,,,,,,,,,,,
0.0283525,3.90E-06,-3.47E-18,,0.028349756,2.11111E-06,1.30617E-06,-1.35802E-08,2.29081E-08,,,,,,,,,,,,,,,
0.0283554,2.90E-06,-1.00E-06,,0.028351422,1.66667E-06,1.13827E-06,-1.67901E-07,-5.99451E-08,,,,,,,,,,,,,,,
0.0283573,1.90E-06,-1.00E-06,,0.028352478,1.05556E-06,8.46914E-07,-2.91358E-07,-1.26337E-07,,,,,,,,,,,,,,,
0.0283566,-7.00E-07,-2.60E-06,,0.028352867,3.88889E-07,4.81481E-07,-3.65432E-07,-1.66804E-07,,,,,,,,,,,,,,,
0.0283545,-2.10E-06,-1.40E-06,,0.028352589,-2.77778E-07,1.4321E-07,-3.38272E-07,-1.77778E-07,,,,,,,,,,,,,,,
0.0283524,-2.10E-06,-3.47E-18,,0.028351811,-7.77778E-07,-1.14815E-07,-2.58025E-07,-1.58436E-07,,,,,,,,,,,,,,,
0.0283503,-2.10E-06,0,,0.028350756,-1.05556E-06,-2.80247E-07,-1.65432E-07,-1.13717E-07,,,,,,,,,,,,,,,
0.0283482,-2.10E-06,3.47E-18,,0.028349644,-1.11111E-06,-3.35802E-07,-5.55556E-08,-5.18519E-08,,,,,,,,,,,,,,,
0.0283461,-2.10E-06,-3.47E-18,,0.028348933,-7.11111E-07,-2.80247E-07,5.55556E-08,1.893E-08,,,,,,,,,,,,,,,
0.0283455,-6.00E-07,1.50E-06,,0.028348722,-2.11111E-07,-1.19753E-07,1.60494E-07,7.96982E-08,,,,,,,,,,,,,,,
0.0283459,4.00E-07,1.00E-06,,0.0283489,1.77778E-07,1.14815E-07,2.34568E-07,1.25377E-07,,,,,,,,,,,,,,,
0.0283473,1.40E-06,1.00E-06,,0.028349456,5.55556E-07,3.80247E-07,2.65432E-07,1.54595E-07,,,,,,,,,,,,,,,
0.0283502,2.90E-06,1.50E-06,,0.028350344,8.88889E-07,6.51852E-07,2.71605E-07,1.63649E-07,,,,,,,,,,,,,,,
0.0283526,2.40E-06,-5.00E-07,,0.028351511,1.16667E-06,8.60494E-07,2.08642E-07,1.52126E-07,,,,,,,,,,,,,,,
0.028354,1.40E-06,-1.00E-06,,0.028352844,1.33333E-06,1.01358E-06,1.53086E-07,1.23457E-07,,,,,,,,,,,,,,,
0.0283553,1.30E-06,-1.00E-07,,0.028354178,1.33333E-06,1.11111E-06,9.75309E-08,8.107E-08,,,,,,,,,,,,,,,
0.0283562,9.00E-07,-4.00E-07,,0.028355511,1.33333E-06,1.13704E-06,2.59259E-08,3.23731E-08,,,,,,,,,,,,,,,
0.0283566,4.00E-07,-5.00E-07,,0.028356678,1.16667E-06,1.08889E-06,-4.81481E-08,-2.24966E-08,,,,,,,,,,,,,,,
0.0283575,9.00E-07,5.00E-07,,0.028357844,1.16667E-06,9.91358E-07,-9.75309E-08,-7.31139E-08,,,,,,,,,,,,,,,
0.0283579,4.00E-07,-5.00E-07,,0.0283589,1.05556E-06,8.44444E-07,-1.46914E-07,-1.20302E-07,,,,,,,,,,,,,,,
0.0283593,1.40E-06,1.00E-06,,0.028359689,7.88889E-07,6.71605E-07,-1.7284E-07,-1.57888E-07,,,,,,,,,,,,,,,
0.0283607,1.40E-06,-3.47E-18,,0.028360144,4.55556E-07,4.49383E-07,-2.22222E-07,-1.78738E-07,,,,,,,,,,,,,,,
0.0283631,2.40E-06,1.00E-06,,0.028360433,2.88889E-07,2.02469E-07,-2.46914E-07,-1.8107E-07,,,,,,,,,,,,,,,
0.0283635,4.00E-07,-2.00E-06,,0.028360444,1.11111E-08,-6.91358E-08,-2.71605E-07,-1.7037E-07,,,,,,,,,,,,,,,
0.0283624,-1.10E-06,-1.50E-06,,0.028360222,-2.22222E-07,-3.09877E-07,-2.40741E-07,-1.4321E-07,,,,,,,,,,,,,,,
0.0283603,-2.10E-06,-1.00E-06,,0.028359556,-6.66667E-07,-4.71605E-07,-1.61728E-07,-1.01235E-07,,,,,,,,,,,,,,,
0.0283592,-1.10E-06,1.00E-06,,0.0283585,-1.05556E-06,-5.40741E-07,-6.91358E-08,-3.73114E-08,,,,,,,,,,,,,,,
0.0283576,-1.60E-06,-5.00E-07,,0.028357222,-1.27778E-06,-5.41975E-07,-1.23457E-09,4.1701E-08,,,,,,,,,,,,,,,
0.0283559,-1.70E-06,-1.00E-07,,0.028356111,-1.11111E-06,-4.44444E-07,9.75309E-08,1.2963E-07,,,,,,,,,,,,,,,
0.0283533,-2.60E-06,-9.00E-07,,0.028355444,-6.66667E-07,-2.39506E-07,2.04938E-07,2.11934E-07,,,,,,,,,,,,,,,
0.0283512,-2.10E-06,5.00E-07,,0.028355278,-1.66667E-07,1.1358E-07,3.53086E-07,2.77229E-07,,,,,,,,,,,,,,,
0.0283516,4.00E-07,2.50E-06,,0.028355556,2.77778E-07,5.77778E-07,4.64198E-07,3.22634E-07,,,,,,,,,,,,,,,
0.0283535,1.90E-06,1.50E-06,,0.028356444,8.88889E-07,1.09753E-06,5.19753E-07,3.48834E-07,,,,,,,,,,,,,,,
0.0283564,2.90E-06,1.00E-06,,0.028358067,1.62222E-06,1.59753E-06,5E-07,3.46914E-07,,,,,,,,,,,,,,,
0.0283588,2.40E-06,-5.00E-07,,0.028360578,2.51111E-06,2.02346E-06,4.25926E-07,3.14403E-07,,,,,,,,,,,,,,,
0.0283617,2.90E-06,5.00E-07,,0.0283637,3.12222E-06,2.36296E-06,3.39506E-07,2.45542E-07,,,,,,,,,,,,,,,
0.0283656,3.90E-06,1.00E-06,,0.0283671,3.4E-06,2.59753E-06,2.34568E-07,1.52675E-07,,,,,,,,,,,,,,,
0.0283705,4.90E-06,1.00E-06,,0.028370489,3.38889E-06,2.67778E-06,8.02469E-08,4.67764E-08,,,,,,,,,,,,,,,
0.0283759,5.40E-06,5.00E-07,,0.028373656,3.16667E-06,2.59012E-06,-8.76543E-08,-5.80247E-08,,,,,,,,,,,,,,,
0.0283793,3.40E-06,-2.00E-06,,0.028376544,2.88889E-06,2.32346E-06,-2.66667E-07,-1.52538E-07,,,,,,,,,,,,,,,
0.0283822,2.90E-06,-5.00E-07,,0.028378933,2.38889E-06,1.95185E-06,-3.71605E-07,-2.34019E-07,,,,,,,,,,,,,,,
0.028384,1.80E-06,-1.10E-06,,0.028380544,1.61111E-06,1.51852E-06,-4.33333E-07,-2.95748E-07,,,,,,,,,,,,,,,
0.0283849,9.00E-07,-9.00E-07,,0.028381378,8.33333E-07,1.07531E-06,-4.4321E-07,-3.27298E-07,,,,,,,,,,,,,,,
0.0283848,-1.00E-07,-1.00E-06,,0.028381489,1.11111E-07,6.50617E-07,-4.24691E-07,-3.27846E-07,,,,,,,,,,,,,,,
0.0283832,-1.60E-06,-1.50E-06,,0.028381267,-2.22222E-07,2.5679E-07,-3.93827E-07,-2.97531E-07,,,,,,,,,,,,,,,
0.0283801,-3.10E-06,-1.50E-06,,0.028380767,-5E-07,-6.41975E-08,-3.20988E-07,-2.5144E-07,,,,,,,,,,,,,,,
0.028378,-2.10E-06,1.00E-06,,0.028380167,-6E-07,-2.67901E-07,-2.03704E-07,-1.94376E-07,,,,,,,,,,,,,,,
0.0283769,-1.10E-06,1.00E-06,,0.028379511,-6.55556E-07,-3.60494E-07,-9.25926E-08,-1.33608E-07,,,,,,,,,,,,,,,
0.0283773,4.00E-07,1.50E-06,,0.028378856,-6.55556E-07,-3.54321E-07,6.17284E-09,-7.07819E-08,,,,,,,,,,,,,,,
0.0283777,4.00E-07,-3.47E-18,,0.028378356,-5E-07,-3.11111E-07,4.32099E-08,-7.27023E-09,,,,,,,,,,,,,,,
0.0283786,9.00E-07,5.00E-07,,0.028378133,-2.22222E-07,-2.30864E-07,8.02469E-08,4.91084E-08,,,,,,,,,,,,,,,
0.028379,4.00E-07,-5.00E-07,,0.028378133,0,-1.2716E-07,1.03704E-07,9.10837E-08,,,,,,,,,,,,,,,
0.0283789,-1.00E-07,-5.00E-07,,0.0283783,1.66667E-07,1.35802E-08,1.40741E-07,1.19342E-07,,,,,,,,,,,,,,,
0.0283787,-2.00E-07,-1.00E-07,,0.028378467,1.66667E-07,1.91358E-07,1.77778E-07,1.34568E-07,,,,,,,,,,,,,,,
0.0283781,-6.00E-07,-4.00E-07,,0.028378689,2.22222E-07,3.77778E-07,1.8642E-07,1.45542E-07,,,,,,,,,,,,,,,
0.028378,-1.00E-07,5.00E-07,,0.028379022,3.33333E-07,5.51852E-07,1.74074E-07,1.50343E-07,,,,,,,,,,,,,,,
0.0283784,4.00E-07,5.00E-07,,0.028379633,6.11111E-07,7.1358E-07,1.61728E-07,1.48422E-07,,,,,,,,,,,,,,,
0.0283788,4.00E-07,-3.47E-18,,0.028380578,9.44444E-07,8.5679E-07,1.4321E-07,1.35528E-07,,,,,,,,,,,,,,,
0.0283797,9.00E-07,5.00E-07,,0.028381756,1.17778E-06,9.98765E-07,1.41975E-07,1.1166E-07,,,,,,,,,,,,,,,
0.0283816,1.90E-06,1.00E-06,,0.0283831,1.34444E-06,1.12222E-06,1.23457E-07,8.39506E-08,,,,,,,,,,,,,,,
0.0283845,2.90E-06,1.00E-06,,0.028384556,1.45556E-06,1.20864E-06,8.64198E-08,5.62414E-08,,,,,,,,,,,,,,,
0.0283874,2.90E-06,0,,0.028386011,1.45556E-06,1.23333E-06,2.46914E-08,2.92181E-08,,,,,,,,,,,,,,,
0.0283893,1.90E-06,-1.00E-06,,0.028387456,1.44444E-06,1.1963E-06,-3.7037E-08,5.62414E-09,,,,,,,,,,,,,,,
0.0283902,9.00E-07,-1.00E-06,,0.028388789,1.33333E-06,1.13333E-06,-6.2963E-08,-1.55007E-08,,,,,,,,,,,,,,,
0.0283911,9.00E-07,-3.47E-18,,0.0283899,1.11111E-06,1.05802E-06,-7.53086E-08,-4.02949E-08,,,,,,,,,,,,,,,
0.0283915,4.00E-07,-5.00E-07,,0.028390733,8.33333E-07,9.76543E-07,-8.14815E-08,-5.65158E-08,,,,,,,,,,,,,,,
0.0283918,3.00E-07,-1.00E-07,,0.028391344,6.11111E-07,9.07407E-07,-6.91358E-08,-6.09053E-08,,,,,,,,,,,,,,,
0.0283917,-1.00E-07,-4.00E-07,,0.028391956,6.11111E-07,8.59259E-07,-4.81481E-08,-5.44582E-08,,,,,,,,,,,,,,,
0.0283916,-1.00E-07,0,,0.028392622,6.66667E-07,7.59568E-07,-9.96914E-08,-4.6142E-08,,,,,,,,,,,,,,,
0.028392,4.00E-07,5.00E-07,,0.028393344,7.22222E-07,7E-07,-5.95679E-08,-3.69587E-08,,,,,,,,,,,,,,,
0.0283929,9.00E-07,5.00E-07,,0.028394178,8.33333E-07,6.85185E-07,-1.48148E-08,-2.78464E-08,,,,,,,,,,,,,,,
0.0283948,1.90E-06,1.00E-06,,0.028395189,1.01111E-06,7.06173E-07,2.09877E-08,-2.25514E-08,,,,,,,,,,,,,,,
0.0283962,1.40E-06,-5.00E-07,,0.028395625,4.36111E-07,7.18056E-07,1.18827E-08,-1.93519E-08,,,,,,,,,,,,,,,
0.0283976,1.40E-06,0,,0.0283962,5.75E-07,7.25397E-07,7.34127E-09,-7.87478E-09,,,,,,,,,,,,,,,
0.028399,1.40E-06,3.47E-18,,0.0283969,7E-07,7.25926E-07,5.29101E-10,7.40741E-10,,,,,,,,,,,,,,,
0.0284009,1.90E-06,5.00E-07,,0.0283977,8E-07,7.04444E-07,-2.14815E-08,3.85185E-09,,,,,,,,,,,,,,,
