i, Z, Z dot, Z dot dot, Min Z dot dot L, Min Z dot dot L i, Maz Z dot dot, Maz Z dot dot i, Min Z dot dot R, Min Z dot dot R i
 22, 27.127
23, 27.1322, 0.00527501
24, 27.127, -0.00522099, -0.010496, -0.010496, 24, -0.010496, 24, -0.010496, 24
25, 27.1403, 0.0132751, 0.0184961, 0.0184961, 25, 0.0184961, 25, 0.0184961, 25
26, 27.1526, 0.0122767, -0.000998378, -0.000998378, 26, -0.000998378, 26, -0.000998378, 26
27, 27.1593, 0.00677817, -0.00549853, -0.00549853, 27, -0.00549853, 27, -0.00549853, 27
28, 27.1666, 0.00727735, 0.000499189, 0.000499189, 28, 0.000499189, 28, 0.000499189, 28
29, 27.1734, 0.00677817, -0.000499189, -0.000499189, 29, -0.000499189, 29, -0.000499189, 29
30, 27.1777, 0.00427663, -0.00250153, -0.00250153, 30, -0.00250153, 30, -0.00250153, 30
31, 27.1804, 0.0027772, -0.00149943, -0.00250153, 30, -0.00149943, 31, -0.00149943, 31
32, 27.1812, 0.000776723, -0.00200048, -0.00250153, 30, -0.00149943, 31, -0.00200048, 32
33, 27.182, 0.000776723, 0, -0.00250153, 30, 0, 33, 0, 33
34, 27.1818, -0.000221655, -0.000998378, -0.00250153, 30, 0, 33, -0.000998378, 34
35, 27.1811, -0.000722706, -0.000501052, -0.00250153, 30, 0, 33, -0.000998378, 34
36, 27.1793, -0.00172295, -0.00100024, -0.00250153, 30, 0, 33, -0.00100024, 36
37, 27.1776, -0.00172108, 1.86265e-06, -0.00250153, 30, 1.86265e-06, 37, 1.86265e-06, 37
38, 27.1759, -0.00172295, -1.86265e-06, -0.00250153, 30, 1.86265e-06, 37, -1.86265e-06, 38
39, 27.1747, -0.00122376, 0.000499189, -0.00250153, 30, 0.000499189, 39, 0.000499189, 39
40, 27.1739, -0.000720844, 0.000502914, -0.00250153, 30, 0.000502914, 40, 0.000502914, 40
41, 27.1727, -0.00122376, -0.000502914, -0.00250153, 30, 0.000502914, 40, -0.000502914, 41
42, 27.1725, -0.000223517, 0.00100024, -0.00250153, 30, 0.00100024, 42, 0.00100024, 42
43, 27.1723, -0.000221655, 1.86265e-06, -0.00250153, 30, 0.00100024, 42, 1.86265e-06, 43
44, 27.1716, -0.000722706, -0.000501052, -0.00250153, 30, 0.00100024, 42, -0.000501052, 44
45, 27.1708, -0.000724569, -1.86265e-06, -0.00250153, 30, 0.00100024, 42, -0.000501052, 44
46, 27.1696, -0.00122003, -0.000495464, -0.00250153, 30, 0.00100024, 42, -0.000501052, 44
47, 27.1684, -0.00122376, -3.72529e-06, -0.00250153, 30, 0.00100024, 42, -0.000501052, 44
48, 27.1667, -0.00172295, -0.000499189, -0.00250153, 30, 0.00100024, 42, -0.000501052, 44
49, 27.1644, -0.00222214, -0.000499189, -0.00250153, 30, 0.00100024, 42, -0.000501052, 44
50, 27.1607, -0.00372343, -0.00150129, -0.00250153, 30, 0.00100024, 42, -0.00150129, 50
51, 27.157, -0.00372343, 0, -0.00250153, 30, 0.00100024, 42, -0.00150129, 50
52, 27.1538, -0.00322051, 0.000502914, -0.00250153, 30, 0.00100024, 42, -0.00150129, 50
53, 27.1516, -0.00222214, 0.000998378, -0.00250153, 30, 0.00100024, 42, -0.00150129, 50
54, 27.1503, -0.0012219, 0.00100024, -0.00250153, 30, 0.00100024, 42, -0.00150129, 50
55, 27.1501, -0.000221655, 0.00100024, -0.00250153, 30, 0.00100024, 42, -0.00150129, 50
56, 27.1504, 0.000275671, 0.000497326, -0.00250153, 30, 0.00100024, 42, -0.00150129, 50
57, 27.1512, 0.000776723, 0.000501052, -0.00250153, 30, 0.00100024, 42, -0.00150129, 50
58, 27.1524, 0.00127964, 0.000502914, -0.00250153, 30, 0.00100024, 42, -0.00150129, 50
59, 27.1532, 0.000776723, -0.000502914, -0.00250153, 30, 0.00100024, 42, -0.00150129, 50
60, 27.154, 0.000776723, 0, -0.00250153, 30, 0.00100024, 42, -0.00150129, 50
61, 27.1543, 0.000277534, -0.000499189, -0.00250153, 30, 0.00100024, 42, -0.00150129, 50
62, 27.155, 0.000776723, 0.000499189, -0.00250153, 30, 0.00100024, 42, -0.00150129, 50
63, 27.1553, 0.000277534, -0.000499189, -0.00250153, 30, 0.00100024, 42, -0.00150129, 50
64, 27.1556, 0.000275671, -1.86265e-06, -0.00250153, 30, 0.00100024, 42, -0.00150129, 50
65, 27.1564, 0.000778586, 0.000502914, -0.00250153, 30, 0.00100024, 42, -0.00150129, 50
66, 27.1582, 0.00177696, 0.000998378, -0.00250153, 30, 0.00100024, 42, -0.00150129, 50
67, 27.1604, 0.00227802, 0.000501052, -0.00250153, 30, 0.00100024, 42, -0.00150129, 50
68, 27.1632, 0.0027772, 0.000499189, -0.00250153, 30, 0.00100024, 42, -0.00150129, 50
69, 27.1665, 0.00327453, 0.000497326, -0.00250153, 30, 0.00100024, 42, -0.00150129, 50
70, 27.1693, 0.0027772, -0.000497326, -0.00250153, 30, 0.00100024, 42, -0.00150129, 50
71, 27.1705, 0.00127964, -0.00149757, -0.00250153, 30, 0.00100024, 42, -0.00150129, 50
72, 27.1708, 0.000275671, -0.00100397, -0.00250153, 30, 0.00100024, 42, -0.00150129, 50
73, 27.1701, -0.000722706, -0.000998378, -0.00250153, 30, 0.00100024, 42, -0.00150129, 50
74, 27.1694, -0.000720844, 1.86265e-06, -0.00250153, 30, 0.00100024, 42, -0.00150129, 50
75, 27.1692, -0.000221655, 0.000499189, -0.00250153, 30, 0.00100024, 42, -0.00150129, 50
76, 27.1689, -0.000223517, -1.86265e-06, -0.00250153, 30, 0.00100024, 42, -0.00150129, 50
77, 27.1672, -0.00172108, -0.00149757, -0.00250153, 30, 0.00100024, 42, -0.00150129, 50
78, 27.1655, -0.00172481, -3.72529e-06, -0.00250153, 30, 0.00100024, 42, -0.00150129, 50
79, 27.1668, 0.00127777, 0.00300258, -0.00250153, 30, 0.00300258, 79, 0.00300258, 79
80, 27.1685, 0.00177883, 0.000501052, -0.00250153, 30, 0.00300258, 79, 0.000501052, 80
81, 27.1693, 0.000776723, -0.0010021, -0.00250153, 30, 0.00300258, 79, -0.0010021, 81
82, 27.1701, 0.000776723, 0, -0.00250153, 30, 0.00300258, 79, -0.0010021, 81
83, 27.1704, 0.000277534, -0.000499189, -0.00250153, 30, 0.00300258, 79, -0.0010021, 81
84, 27.1706, 0.000277534, 0, -0.00250153, 30, 0.00300258, 79, -0.0010021, 81
85, 27.1714, 0.000776723, 0.000499189, -0.00250153, 30, 0.00300258, 79, -0.0010021, 81
86, 27.1712, -0.000221655, -0.000998378, -0.00250153, 30, 0.00300258, 79, -0.0010021, 81
87, 27.17, -0.00122376, -0.0010021, -0.00250153, 30, 0.00300258, 79, -0.0010021, 81
88, 27.1688, -0.0012219, 1.86265e-06, -0.00250153, 30, 0.00300258, 79, -0.0010021, 81
89, 27.169, 0.000277534, 0.00149943, -0.00250153, 30, 0.00300258, 79, -0.0010021, 81
90, 27.1698, 0.000776723, 0.000499189, -0.00250153, 30, 0.00300258, 79, -0.0010021, 81
91, 27.1701, 0.000277534, -0.000499189, -0.00250153, 30, 0.00300258, 79, -0.0010021, 81
92, 27.1704, 0.000277534, 0, -0.00250153, 30, 0.00300258, 79, -0.0010021, 81
93, 27.1696, -0.000722706, -0.00100024, -0.00250153, 30, 0.00300258, 79, -0.0010021, 81
94, 27.1684, -0.00122376, -0.000501052, -0.00250153, 30, 0.00300258, 79, -0.0010021, 81
95, 27.1672, -0.0012219, 1.86265e-06, -0.00250153, 30, 0.00300258, 79, -0.0010021, 81
96, 27.166, -0.0012219, 0, -0.00250153, 30, 0.00300258, 79, -0.0010021, 81
97, 27.1643, -0.00172295, -0.000501052, -0.00250153, 30, 0.00300258, 79, -0.0010021, 81
98, 27.1635, -0.000722706, 0.00100024, -0.00250153, 30, 0.00300258, 79, -0.0010021, 81
99, 27.1633, -0.000223517, 0.000499189, -0.00250153, 30, 0.00300258, 79, -0.0010021, 81
100, 27.1651, 0.00177696, 0.00200048, -0.00250153, 30, 0.00300258, 79, -0.0010021, 81
101, 27.1689, 0.00377931, 0.00200234, -0.00250153, 30, 0.00300258, 79, -0.0010021, 81
102, 27.1736, 0.00477582, 0.000996515, -0.00250153, 30, 0.00300258, 79, -0.0010021, 81
103, 27.1779, 0.00427663, -0.000499189, -0.00250153, 30, 0.00300258, 79, -0.0010021, 81
104, 27.1817, 0.00377931, -0.000497326, -0.00250153, 30, 0.00300258, 79, -0.0010021, 81
105, 27.185, 0.00327639, -0.000502914, -0.00250153, 30, 0.00300258, 79, -0.0010021, 81
106, 27.1867, 0.00177696, -0.00149943, -0.00250153, 30, 0.00300258, 79, -0.00149943, 106
107, 27.1865, -0.000221655, -0.00199862, -0.00250153, 30, 0.00300258, 79, -0.00199862, 107
108, 27.1843, -0.00222214, -0.00200048, -0.00250153, 30, 0.00300258, 79, -0.00200048, 108
109, 27.1831, -0.00122376, 0.000998378, -0.00250153, 30, 0.00300258, 79, -0.00200048, 108
110, 27.1819, -0.0012219, 1.86265e-06, -0.00250153, 30, 0.00300258, 79, -0.00200048, 108
111, 27.1811, -0.000722706, 0.000499189, -0.00250153, 30, 0.00300258, 79, -0.00200048, 108
112, 27.1814, 0.000275671, 0.000998378, -0.00250153, 30, 0.00300258, 79, -0.00200048, 108
113, 27.1817, 0.000279397, 3.72529e-06, -0.00250153, 30, 0.00300258, 79, -0.00200048, 108
114, 27.1815, -0.000223517, -0.000502914, -0.00250153, 30, 0.00300258, 79, -0.00200048, 108
115, 27.1817, 0.000277534, 0.000501052, -0.00250153, 30, 0.00300258, 79, -0.00200048, 108
116, 27.1815, -0.000221655, -0.000499189, -0.00250153, 30, 0.00300258, 79, -0.00200048, 108
117, 27.1798, -0.00172295, -0.00150129, -0.00250153, 30, 0.00300258, 79, -0.00200048, 108
118, 27.1766, -0.00322424, -0.00150129, -0.00250153, 30, 0.00300258, 79, -0.00200048, 108
119, 27.1729, -0.00372157, -0.000497326, -0.00250153, 30, 0.00300258, 79, -0.00200048, 108
120, 27.1696, -0.00322238, 0.000499189, -0.00250153, 30, 0.00300258, 79, -0.00200048, 108
121, 27.1664, -0.00322424, -1.86265e-06, -0.00250153, 30, 0.00300258, 79, -0.00200048, 108
122, 27.1642, -0.00222027, 0.00100397, -0.00250153, 30, 0.00300258, 79, -0.00200048, 108
123, 27.1635, -0.000724569, 0.0014957, -0.00250153, 30, 0.00300258, 79, -0.00200048, 108
124, 27.1637, 0.000277534, 0.0010021, -0.00250153, 30, 0.00300258, 79, -0.00200048, 108
125, 27.165, 0.00127777, 0.00100024, -0.00250153, 30, 0.00300258, 79, -0.00200048, 108
126, 27.1673, 0.00227802, 0.00100024, -0.00250153, 30, 0.00300258, 79, -0.00200048, 108
127, 27.1696, 0.00227615, -1.86265e-06, -0.00250153, 30, 0.00300258, 79, -0.00200048, 108
128, 27.1714, 0.00177883, -0.000497326, -0.00250153, 30, 0.00300258, 79, -0.00200048, 108
129, 27.1721, 0.000776723, -0.0010021, -0.00250153, 30, 0.00300258, 79, -0.00200048, 108
130, 27.1724, 0.000275671, -0.000501052, -0.00250153, 30, 0.00300258, 79, -0.00200048, 108
131, 27.1722, -0.000221655, -0.000497326, -0.00250153, 30, 0.00300258, 79, -0.00200048, 108
132, 27.172, -0.000221655, 0, -0.00250153, 30, 0.00300258, 79, -0.00200048, 108
133, 27.1717, -0.000223517, -1.86265e-06, -0.00250153, 30, 0.00300258, 79, -0.00200048, 108
134, 27.172, 0.000277534, 0.000501052, -0.00250153, 30, 0.00300258, 79, -0.00200048, 108
135, 27.1718, -0.000223517, -0.000501052, -0.00250153, 30, 0.00300258, 79, -0.00200048, 108
136, 27.1711, -0.000722706, -0.000499189, -0.00250153, 30, 0.00300258, 79, -0.00200048, 108
137, 27.1703, -0.000720844, 1.86265e-06, -0.00250153, 30, 0.00300258, 79, -0.00200048, 108
138, 27.1696, -0.000724569, -3.72529e-06, -0.00250153, 30, 0.00300258, 79, -0.00200048, 108
139, 27.1699, 0.000277534, 0.0010021, -0.00250153, 30, 0.00300258, 79, -0.00200048, 108
140, 27.1697, -0.000223517, -0.000501052, -0.00250153, 30, 0.00300258, 79, -0.00200048, 108
141, 27.1695, -0.000221655, 1.86265e-06, -0.00250153, 30, 0.00300258, 79, -0.00200048, 108
142, 27.1692, -0.000223517, -1.86265e-06, -0.00250153, 30, 0.00300258, 79, -0.00200048, 108
143, 27.1685, -0.000722706, -0.000499189, -0.00250153, 30, 0.00300258, 79, -0.00200048, 108
144, 27.1688, 0.000281259, 0.00100397, -0.00250153, 30, 0.00300258, 79, -0.00200048, 108
145, 27.1691, 0.000275671, -5.58794e-06, -0.00250153, 30, 0.00300258, 79, -0.00200048, 108
146, 27.1698, 0.000776723, 0.000501052, -0.00250153, 30, 0.00300258, 79, -0.00200048, 108
147, 27.1701, 0.000279397, -0.000497326, -0.00250153, 30, 0.00300258, 79, -0.00200048, 108
148, 27.1709, 0.000776723, 0.000497326, -0.00250153, 30, 0.00300258, 79, -0.00200048, 108
149, 27.1717, 0.000776723, 0, -0.00250153, 30, 0.00300258, 79, -0.00200048, 108
150, 27.173, 0.00127777, 0.000501052, -0.00250153, 30, 0.00300258, 79, -0.00200048, 108
151, 27.1757, 0.00277534, 0.00149757, -0.00250153, 30, 0.00300258, 79, -0.00200048, 108
152, 27.179, 0.00327639, 0.000501052, -0.00250153, 30, 0.00300258, 79, -0.00200048, 108
153, 27.1823, 0.00327826, 1.86265e-06, -0.00250153, 30, 0.00300258, 79, -0.00200048, 108
154, 27.1856, 0.00327826, 0, -0.00250153, 30, 0.00300258, 79, -0.00200048, 108
155, 27.1888, 0.00327639, -1.86265e-06, -0.00250153, 30, 0.00300258, 79, -0.00200048, 108
156, 27.1921, 0.00327826, 1.86265e-06, -0.00250153, 30, 0.00300258, 79, -0.00200048, 108
157, 27.1959, 0.00377558, 0.000497326, -0.00250153, 30, 0.00300258, 79, -0.00200048, 108
158, 27.1967, 0.000776723, -0.00299886, -0.00299886, 158, 0.00300258, 79, -0.00299886, 158
159, 27.1949, -0.00172108, -0.00249781, -0.00299886, 158, 0.00300258, 79, -0.00299886, 158
160, 27.1922, -0.00272319, -0.0010021, -0.00299886, 158, 0.00300258, 79, -0.00299886, 158
161, 27.19, -0.00222214, 0.000501052, -0.00299886, 158, 0.00300258, 79, -0.00299886, 158
162, 27.1878, -0.00222214, 0, -0.00299886, 158, 0.00300258, 79, -0.00299886, 158
163, 27.1856, -0.002224, -1.86265e-06, -0.00299886, 158, 0.00300258, 79, -0.00299886, 158
164, 27.1833, -0.00222027, 3.72529e-06, -0.00299886, 158, 0.00300258, 79, -0.00299886, 158
165, 27.1801, -0.00322238, -0.0010021, -0.00299886, 158, 0.00300258, 79, -0.00299886, 158
166, 27.1789, -0.0012219, 0.00200048, -0.00299886, 158, 0.00300258, 79, -0.00299886, 158
167, 27.1802, 0.00127591, 0.00249781, -0.00299886, 158, 0.00300258, 79, -0.00299886, 158
168, 27.1824, 0.00227802, 0.0010021, -0.00299886, 158, 0.00300258, 79, -0.00299886, 158
169, 27.1852, 0.0027772, 0.000499189, -0.00299886, 158, 0.00300258, 79, -0.00299886, 158
170, 27.1885, 0.00327639, 0.000499189, -0.00299886, 158, 0.00300258, 79, -0.00299886, 158
171, 27.1918, 0.00327639, 0, -0.00299886, 158, 0.00300258, 79, -0.00299886, 158
172, 27.1961, 0.00427663, 0.00100024, -0.00299886, 158, 0.00300258, 79, -0.00299886, 158
173, 27.2003, 0.0042785, 1.86265e-06, -0.00299886, 158, 0.00300258, 79, -0.00299886, 158
174, 27.2041, 0.00377744, -0.000501052, -0.00299886, 158, 0.00300258, 79, -0.00299886, 158
175, 27.2064, 0.00227615, -0.00150129, -0.00299886, 158, 0.00300258, 79, -0.00299886, 158
176, 27.2092, 0.0027772, 0.000501052, -0.00299886, 158, 0.00300258, 79, -0.00299886, 158
177, 27.2114, 0.00227802, -0.000499189, -0.00299886, 158, 0.00300258, 79, -0.00299886, 158
178, 27.2137, 0.00227802, 0, -0.00299886, 158, 0.00300258, 79, -0.00299886, 158
179, 27.215, 0.00127591, -0.0010021, -0.00299886, 158, 0.00300258, 79, -0.00299886, 158
180, 27.2148, -0.000221655, -0.00149757, -0.00299886, 158, 0.00300258, 79, -0.00299886, 158
181, 27.2145, -0.000223517, -1.86265e-06, -0.00299886, 158, 0.00300258, 79, -0.00299886, 158
182, 27.2148, 0.000277534, 0.000501052, -0.00299886, 158, 0.00300258, 79, -0.00299886, 158
183, 27.2156, 0.000778586, 0.000501052, -0.00299886, 158, 0.00300258, 79, -0.00299886, 158
184, 27.2154, -0.000223517, -0.0010021, -0.00299886, 158, 0.00300258, 79, -0.00299886, 158
185, 27.2147, -0.000722706, -0.000499189, -0.00299886, 158, 0.00300258, 79, -0.00299886, 158
186, 27.2134, -0.0012219, -0.000499189, -0.00299886, 158, 0.00300258, 79, -0.00299886, 158
187, 27.2127, -0.000722706, 0.000499189, -0.00299886, 158, 0.00300258, 79, -0.00299886, 158
188, 27.2125, -0.000223517, 0.000499189, -0.00299886, 158, 0.00300258, 79, -0.00299886, 158
189, 27.2123, -0.000221655, 1.86265e-06, -0.00299886, 158, 0.00300258, 79, -0.00299886, 158
190, 27.212, -0.000223517, -1.86265e-06, -0.00299886, 158, 0.00300258, 79, -0.00299886, 158
191, 27.2133, 0.00127777, 0.00150129, -0.00299886, 158, 0.00300258, 79, -0.00299886, 158
192, 27.2146, 0.00127777, 0, -0.00299886, 158, 0.00300258, 79, -0.00299886, 158
193, 27.2154, 0.000776723, -0.000501052, -0.00299886, 158, 0.00300258, 79, -0.00299886, 158
194, 27.2157, 0.000277534, -0.000499189, -0.00299886, 158, 0.00300258, 79, -0.00299886, 158
195, 27.2154, -0.000221655, -0.000499189, -0.00299886, 158, 0.00300258, 79, -0.00299886, 158
196, 27.2157, 0.000275671, 0.000497326, -0.00299886, 158, 0.00300258, 79, -0.00299886, 158
197, 27.216, 0.000277534, 1.86265e-06, -0.00299886, 158, 0.00300258, 79, -0.00299886, 158
198, 27.2158, -0.000221655, -0.000499189, -0.00299886, 158, 0.00300258, 79, -0.00299886, 158
199, 27.216, 0.000277534, 0.000499189, -0.00299886, 158, 0.00300258, 79, -0.00299886, 158
200, 27.2163, 0.000275671, -1.86265e-06, -0.00299886, 158, 0.00300258, 79, -0.00299886, 158
201, 27.2171, 0.000778586, 0.000502914, -0.00299886, 158, 0.00300258, 79, -0.00299886, 158
202, 27.2189, 0.00177696, 0.000998378, -0.00299886, 158, 0.00300258, 79, -0.00299886, 158
203, 27.2217, 0.0027772, 0.00100024, -0.00299886, 158, 0.00300258, 79, -0.00299886, 158
204, 27.2239, 0.00227802, -0.000499189, -0.00299886, 158, 0.00300258, 79, -0.00299886, 158
205, 27.2267, 0.0027772, 0.000499189, -0.00299886, 158, 0.00300258, 79, -0.00299886, 158
206, 27.23, 0.00327639, 0.000499189, -0.00299886, 158, 0.00300258, 79, -0.00299886, 158
207, 27.2333, 0.00327826, 1.86265e-06, -0.00299886, 158, 0.00300258, 79, -0.00299886, 158
208, 27.2365, 0.00327639, -1.86265e-06, -0.00299886, 158, 0.00300258, 79, -0.00299886, 158
209, 27.2398, 0.00327826, 1.86265e-06, -0.00299886, 158, 0.00300258, 79, -0.00299886, 158
210, 27.2421, 0.00227802, -0.00100024, -0.00299886, 158, 0.00300258, 79, -0.00299886, 158
211, 27.2444, 0.00227615, -1.86265e-06, -0.00299886, 158, 0.00300258, 79, -0.00299886, 158
212, 27.2451, 0.000776723, -0.00149943, -0.00299886, 158, 0.00300258, 79, -0.00299886, 158
213, 27.2449, -0.000221655, -0.000998378, -0.00299886, 158, 0.00300258, 79, -0.00299886, 158
214, 27.2442, -0.000722706, -0.000501052, -0.00299886, 158, 0.00300258, 79, -0.00299886, 158
215, 27.243, -0.00122376, -0.000501052, -0.00299886, 158, 0.00300258, 79, -0.00299886, 158
216, 27.2423, -0.000722706, 0.000501052, -0.00299886, 158, 0.00300258, 79, -0.00299886, 158
217, 27.241, -0.0012219, -0.000499189, -0.00299886, 158, 0.00300258, 79, -0.00299886, 158
218, 27.2393, -0.00172295, -0.000501052, -0.00299886, 158, 0.00300258, 79, -0.00299886, 158
219, 27.2376, -0.00172295, 0, -0.00299886, 158, 0.00300258, 79, -0.00299886, 158
220, 27.2374, -0.000221655, 0.00150129, -0.00299886, 158, 0.00300258, 79, -0.00299886, 158
221, 27.2381, 0.000776723, 0.000998378, -0.00299886, 158, 0.00300258, 79, -0.00299886, 158
222, 27.2384, 0.000277534, -0.000499189, -0.00299886, 158, 0.00300258, 79, -0.00299886, 158
223, 27.2392, 0.000778586, 0.000501052, -0.00299886, 158, 0.00300258, 79, -0.00299886, 158
224, 27.2395, 0.000275671, -0.000502914, -0.00299886, 158, 0.00300258, 79, -0.00299886, 158
225, 27.2403, 0.000776723, 0.000501052, -0.00299886, 158, 0.00300258, 79, -0.00299886, 158
226, 27.242, 0.00177883, 0.0010021, -0.00299886, 158, 0.00300258, 79, -0.00299886, 158
227, 27.2438, 0.00177696, -1.86265e-06, -0.00299886, 158, 0.00300258, 79, -0.00299886, 158
228, 27.2456, 0.00177696, 0, -0.00299886, 158, 0.00300258, 79, -0.00299886, 158
229, 27.2479, 0.00227802, 0.000501052, -0.00299886, 158, 0.00300258, 79, -0.00299886, 158
230, 27.2501, 0.00227615, -1.86265e-06, -0.00299886, 158, 0.00300258, 79, -0.00299886, 158
231, 27.2514, 0.00127777, -0.000998378, -0.00299886, 158, 0.00300258, 79, -0.00299886, 158
232, 27.2517, 0.000277534, -0.00100024, -0.00299886, 158, 0.00300258, 79, -0.00299886, 158
233, 27.2525, 0.000776723, 0.000499189, -0.00299886, 158, 0.00300258, 79, -0.00299886, 158
234, 27.2532, 0.000776723, 0, -0.00299886, 158, 0.00300258, 79, -0.00299886, 158
235, 27.2535, 0.000279397, -0.000497326, -0.00299886, 158, 0.00300258, 79, -0.00299886, 158
236, 27.2533, -0.000223517, -0.000502914, -0.00299886, 158, 0.00300258, 79, -0.00299886, 158
237, 27.2526, -0.000722706, -0.000499189, -0.00299886, 158, 0.00300258, 79, -0.00299886, 158
238, 27.2524, -0.000221655, 0.000501052, -0.00299886, 158, 0.00300258, 79, -0.00299886, 158
239, 27.2531, 0.000776723, 0.000998378, -0.00299886, 158, 0.00300258, 79, -0.00299886, 158
240, 27.2544, 0.00127591, 0.000499189, -0.00299886, 158, 0.00300258, 79, -0.00299886, 158
241, 27.2557, 0.00127964, 3.72529e-06, -0.00299886, 158, 0.00300258, 79, -0.00299886, 158
242, 27.257, 0.00127591, -3.72529e-06, -0.00299886, 158, 0.00300258, 79, -0.00299886, 158
243, 27.2572, 0.000277534, -0.000998378, -0.00299886, 158, 0.00300258, 79, -0.00299886, 158
244, 27.2575, 0.000277534, 0, -0.00299886, 158, 0.00300258, 79, -0.00299886, 158
245, 27.2568, -0.000722706, -0.00100024, -0.00299886, 158, 0.00300258, 79, -0.00299886, 158
246, 27.2561, -0.000722706, 0, -0.00299886, 158, 0.00300258, 79, -0.00299886, 158
247, 27.2559, -0.000221655, 0.000501052, -0.00299886, 158, 0.00300258, 79, -0.00299886, 158
248, 27.2571, 0.00127591, 0.00149757, -0.00299886, 158, 0.00300258, 79, -0.00299886, 158
249, 27.2594, 0.00227802, 0.0010021, -0.00299886, 158, 0.00300258, 79, -0.00299886, 158
250, 27.2612, 0.00177696, -0.000501052, -0.00299886, 158, 0.00300258, 79, -0.00299886, 158
251, 27.264, 0.0027772, 0.00100024, -0.00299886, 158, 0.00300258, 79, -0.00299886, 158
252, 27.2677, 0.00377744, 0.00100024, -0.00299886, 158, 0.00300258, 79, -0.00299886, 158
253, 27.271, 0.00327826, -0.000499189, -0.00299886, 158, 0.00300258, 79, -0.00299886, 158
254, 27.2733, 0.00227615, -0.0010021, -0.00299886, 158, 0.00300258, 79, -0.00299886, 158
255, 27.2736, 0.000277534, -0.00199862, -0.00299886, 158, 0.00300258, 79, -0.00299886, 158
256, 27.2729, -0.000722706, -0.00100024, -0.00299886, 158, 0.00300258, 79, -0.00299886, 158
257, 27.2721, -0.000722706, 0, -0.00299886, 158, 0.00300258, 79, -0.00299886, 158
258, 27.2709, -0.00122376, -0.000501052, -0.00299886, 158, 0.00300258, 79, -0.00299886, 158
259, 27.2697, -0.00122003, 3.72529e-06, -0.00299886, 158, 0.00300258, 79, -0.00299886, 158
260, 27.268, -0.00172295, -0.000502914, -0.00299886, 158, 0.00300258, 79, -0.00299886, 158
261, 27.2672, -0.000724569, 0.000998378, -0.00299886, 158, 0.00300258, 79, -0.00299886, 158
262, 27.268, 0.000778586, 0.00150315, -0.00299886, 158, 0.00300258, 79, -0.00299886, 158
263, 27.2693, 0.00127777, 0.000499189, -0.00299886, 158, 0.00300258, 79, -0.00299886, 158
264, 27.2706, 0.00127591, -1.86265e-06, -0.00299886, 158, 0.00300258, 79, -0.00299886, 158
265, 27.2713, 0.000778586, -0.000497326, -0.00299886, 158, 0.00300258, 79, -0.00299886, 158
266, 27.2726, 0.00127777, 0.000499189, -0.00299886, 158, 0.00300258, 79, -0.00299886, 158
267, 27.2739, 0.00127591, -1.86265e-06, -0.00299886, 158, 0.00300258, 79, -0.00299886, 158
268, 27.2747, 0.000778586, -0.000497326, -0.00299886, 158, 0.00300258, 79, -0.00299886, 158
269, 27.276, 0.00127591, 0.000497326, -0.00299886, 158, 0.00300258, 79, -0.00299886, 158
270, 27.2757, -0.000221655, -0.00149757, -0.00299886, 158, 0.00300258, 79, -0.00299886, 158
271, 27.275, -0.000722706, -0.000501052, -0.00299886, 158, 0.00300258, 79, -0.00299886, 158
272, 27.2698, -0.00522286, -0.00450015, -0.00450015, 272, 0.00300258, 79, -0.00450015, 272
273, 27.2571, -0.0127219, -0.00749901, -0.00749901, 273, 0.00300258, 79, -0.00749901, 273
274, 27.2343, -0.0227205, -0.00999868, -0.00999868, 274, 0.00300258, 79, -0.00999868, 274
275, 27.1971, -0.0372212, -0.0145007, -0.0145007, 275, 0.00300258, 79, -0.0145007, 275
276, 27.1489, -0.048222, -0.0110008, -0.0145007, 275, 0.00300258, 79, -0.0145007, 275
277, 27.0922, -0.0567194, -0.00849739, -0.0145007, 275, 0.00300258, 79, -0.0145007, 275
278, 27.0245, -0.0677221, -0.0110026, -0.0145007, 275, 0.00300258, 79, -0.0145007, 275
279, 26.9462, -0.0782199, -0.0104979, -0.0145007, 275, 0.00300258, 79, -0.0145007, 275
280, 26.8605, -0.0857189, -0.00749901, -0.0145007, 275, 0.00300258, 79, -0.0145007, 275
281, 26.7698, -0.0907201, -0.0050012, -0.0145007, 275, 0.00300258, 79, -0.0145007, 275
282, 26.6781, -0.0917204, -0.00100024, -0.0145007, 275, 0.00300258, 79, -0.0145007, 275
283, 26.5884, -0.089718, 0.00200234, -0.0145007, 275, 0.00300258, 79, -0.0145007, 275
284, 26.4971, -0.0912193, -0.00150129, -0.0145007, 275, 0.00300258, 79, -0.0145007, 275
285, 26.4024, -0.0947192, -0.00349991, -0.0145007, 275, 0.00300258, 79, -0.0145007, 275
286, 26.3092, -0.0932198, 0.00149943, -0.0145007, 275, 0.00300258, 79, -0.0145007, 275
287, 26.2165, -0.0927206, 0.000499189, -0.0145007, 275, 0.00300258, 79, -0.0145007, 275
288, 26.1218, -0.0947192, -0.00199862, -0.0145007, 275, 0.00300258, 79, -0.0145007, 275
289, 26.026, -0.0957195, -0.00100024, -0.0145007, 275, 0.00300258, 79, -0.0145007, 275
290, 25.9308, -0.0952184, 0.000501052, -0.0145007, 275, 0.00300258, 79, -0.0145007, 275
291, 25.8346, -0.0962205, -0.0010021, -0.0145007, 275, 0.00300258, 79, -0.0145007, 275
292, 25.7389, -0.0957195, 0.000501052, -0.0145007, 275, 0.00300258, 79, -0.0145007, 275
293, 25.6422, -0.0967178, -0.000998378, -0.0145007, 275, 0.00300258, 79, -0.0145007, 275
294, 25.5409, -0.101222, -0.00450388, -0.0145007, 275, 0.00300258, 79, -0.0145007, 275
295, 25.4372, -0.10372, -0.00249781, -0.0145007, 275, 0.00300258, 79, -0.0145007, 275
296, 25.3355, -0.101717, 0.00200234, -0.0145007, 275, 0.00300258, 79, -0.0145007, 275
297, 25.2343, -0.10122, 0.000497326, -0.0145007, 275, 0.00300258, 79, -0.0145007, 275
298, 25.1331, -0.10122, 0, -0.0145007, 275, 0.00300258, 79, -0.0145007, 275
299, 25.0324, -0.100717, 0.000502914, -0.0145007, 275, 0.00300258, 79, -0.0145007, 275
300, 24.9306, -0.101719, -0.0010021, -0.0145007, 275, 0.00300258, 79, -0.0145007, 275
301, 24.8309, -0.0997204, 0.00199862, -0.0145007, 275, 0.00300258, 79, -0.0145007, 275
302, 24.7332, -0.09772, 0.00200048, -0.0145007, 275, 0.00300258, 79, -0.0145007, 275
303, 24.6345, -0.0987183, -0.000998378, -0.0145007, 275, 0.00300258, 79, -0.0145007, 275
304, 24.5348, -0.0997204, -0.0010021, -0.0145007, 275, 0.00300258, 79, -0.0145007, 275
305, 24.435, -0.0997167, 3.72529e-06, -0.0145007, 275, 0.00300258, 79, -0.0145007, 275
306, 24.3338, -0.10122, -0.00150315, -0.0145007, 275, 0.00300258, 79, -0.0145007, 275
307, 24.2331, -0.100719, 0.000501052, -0.0145007, 275, 0.00300258, 79, -0.0145007, 275
308, 24.1334, -0.0997204, 0.000998378, -0.0145007, 275, 0.00300258, 79, -0.0145007, 275
309, 24.0322, -0.10122, -0.00149943, -0.0145007, 275, 0.00300258, 79, -0.0145007, 275
310, 23.9294, -0.102719, -0.00149943, -0.0145007, 275, 0.00300258, 79, -0.0145007, 275
311, 23.8262, -0.103218, -0.000499189, -0.0145007, 275, 0.00300258, 79, -0.0145007, 275
312, 23.722, -0.104219, -0.00100024, -0.0145007, 275, 0.00300258, 79, -0.0145007, 275
313, 23.6183, -0.10372, 0.000499189, -0.0145007, 275, 0.00300258, 79, -0.0145007, 275
314, 23.5181, -0.100218, 0.00350177, -0.0145007, 275, 0.00350177, 314, 0.00350177, 314
315, 23.4178, -0.10022, -1.86265e-06, -0.0145007, 275, 0.00350177, 314, -1.86265e-06, 315
316, 23.3146, -0.10322, -0.00300072, -0.0145007, 275, 0.00350177, 314, -0.00300072, 316
317, 23.2119, -0.102717, 0.000502914, -0.0145007, 275, 0.00350177, 314, -0.00300072, 316
318, 23.1112, -0.100721, 0.00199676, -0.0145007, 275, 0.00350177, 314, -0.00300072, 316
319, 23.0135, -0.09772, 0.00300072, -0.0145007, 275, 0.00350177, 314, -0.00300072, 316
320, 22.9163, -0.097217, 0.000502914, -0.0145007, 275, 0.00350177, 314, -0.00300072, 316
321, 22.8185, -0.09772, -0.000502914, -0.0145007, 275, 0.00350177, 314, -0.00300072, 316
322, 22.7173, -0.10122, -0.00349991, -0.0145007, 275, 0.00350177, 314, -0.00349991, 322
323, 22.6126, -0.104718, -0.00349805, -0.0145007, 275, 0.00350177, 314, -0.00349991, 322
324, 22.5094, -0.103218, 0.00149943, -0.0145007, 275, 0.00350177, 314, -0.00349991, 322
325, 22.4072, -0.102222, 0.000996515, -0.0145007, 275, 0.00350177, 314, -0.00349991, 322
326, 22.3044, -0.102717, -0.000495464, -0.0145007, 275, 0.00350177, 314, -0.00349991, 322
327, 22.1997, -0.10472, -0.00200234, -0.0145007, 275, 0.00350177, 314, -0.00349991, 322
328, 22.095, -0.10472, 0, -0.0145007, 275, 0.00350177, 314, -0.00349991, 322
329, 21.9913, -0.103718, 0.0010021, -0.0145007, 275, 0.00350177, 314, -0.00349991, 322
330, 21.8871, -0.104219, -0.000501052, -0.0145007, 275, 0.00350177, 314, -0.00349991, 322
331, 21.7868, -0.10022, 0.0039991, -0.0145007, 275, 0.0039991, 331, 0.0039991, 331
332, 21.6891, -0.0977181, 0.00250153, -0.0145007, 275, 0.0039991, 331, 0.00250153, 332
333, 21.5919, -0.0972208, 0.000497326, -0.0145007, 275, 0.0039991, 331, 0.000497326, 333
334, 21.4927, -0.0992212, -0.00200048, -0.0145007, 275, 0.0039991, 331, -0.00200048, 334
335, 21.395, -0.0977162, 0.00150502, -0.0145007, 275, 0.0039991, 331, -0.00200048, 334
336, 21.2992, -0.0957195, 0.00199676, -0.0145007, 275, 0.0039991, 331, -0.00200048, 334
337, 21.2015, -0.09772, -0.00200048, -0.0145007, 275, 0.0039991, 331, -0.00200048, 334
338, 21.1038, -0.09772, 0, -0.0145007, 275, 0.0039991, 331, -0.00200048, 334
339, 21.0061, -0.09772, 0, -0.0145007, 275, 0.0039991, 331, -0.00200048, 334
340, 20.9064, -0.0997186, -0.00199862, -0.0145007, 275, 0.0039991, 331, -0.00200048, 334
341, 20.8046, -0.101717, -0.00199862, -0.0145007, 275, 0.0039991, 331, -0.00200048, 334
342, 20.7034, -0.10122, 0.000497326, -0.0145007, 275, 0.0039991, 331, -0.00200048, 334
343, 20.6042, -0.0992194, 0.00200048, -0.0145007, 275, 0.0039991, 331, -0.00200048, 334
344, 20.5065, -0.0977181, 0.00150129, -0.0145007, 275, 0.0039991, 331, -0.00200048, 334
345, 20.4118, -0.0947211, 0.002997, -0.0145007, 275, 0.0039991, 331, -0.00200048, 334
346, 20.317, -0.0947211, 0, -0.0145007, 275, 0.0039991, 331, -0.00200048, 334
347, 20.2183, -0.0987165, -0.00399537, -0.0145007, 275, 0.0039991, 331, -0.00399537, 347
348, 20.1196, -0.0987202, -3.72529e-06, -0.0145007, 275, 0.0039991, 331, -0.00399537, 347
349, 20.0229, -0.0967216, 0.00199862, -0.0145007, 275, 0.0039991, 331, -0.00399537, 347
350, 19.9252, -0.0977181, -0.000996515, -0.0145007, 275, 0.0039991, 331, -0.00399537, 347
351, 19.825, -0.10022, -0.00250153, -0.0145007, 275, 0.0039991, 331, -0.00399537, 347
352, 19.7257, -0.0992194, 0.00100024, -0.0145007, 275, 0.0039991, 331, -0.00399537, 347
353, 19.627, -0.0987165, 0.000502914, -0.0145007, 275, 0.0039991, 331, -0.00399537, 347
354, 19.5283, -0.0987202, -3.72529e-06, -0.0145007, 275, 0.0039991, 331, -0.00399537, 347
355, 19.4316, -0.0967216, 0.00199862, -0.0145007, 275, 0.0039991, 331, -0.00399537, 347
356, 19.3374, -0.0942182, 0.0025034, -0.0145007, 275, 0.0039991, 331, -0.00399537, 347
357, 19.2406, -0.0967178, -0.00249967, -0.0145007, 275, 0.0039991, 331, -0.00399537, 347
358, 19.1419, -0.0987202, -0.00200234, -0.0145007, 275, 0.0039991, 331, -0.00399537, 347
359, 19.0442, -0.0977181, 0.0010021, -0.0145007, 275, 0.0039991, 331, -0.00399537, 347
360, 18.946, -0.098221, -0.000502914, -0.0145007, 275, 0.0039991, 331, -0.00399537, 347
361, 18.8448, -0.10122, -0.00299886, -0.0145007, 275, 0.0039991, 331, -0.00399537, 347
362, 18.743, -0.101717, -0.000497326, -0.0145007, 275, 0.0039991, 331, -0.00399537, 347
363, 18.6428, -0.10022, 0.00149757, -0.0145007, 275, 0.0039991, 331, -0.00399537, 347
364, 18.5426, -0.10022, 0, -0.0145007, 275, 0.0039991, 331, -0.00399537, 347
365, 18.4444, -0.0982191, 0.00200048, -0.0145007, 275, 0.0039991, 331, -0.00399537, 347
366, 18.3492, -0.0952203, 0.00299886, -0.0145007, 275, 0.0039991, 331, -0.00399537, 347
367, 18.2504, -0.0987202, -0.00349991, -0.0145007, 275, 0.0039991, 331, -0.00399537, 347
368, 18.1492, -0.101218, -0.00249781, -0.0145007, 275, 0.0039991, 331, -0.00399537, 347
369, 18.051, -0.0982191, 0.00299886, -0.0145007, 275, 0.0039991, 331, -0.00399537, 347
370, 17.9558, -0.0952184, 0.00300072, -0.0145007, 275, 0.0039991, 331, -0.00399537, 347
371, 17.8576, -0.0982229, -0.00300445, -0.0145007, 275, 0.0039991, 331, -0.00399537, 347
372, 17.7564, -0.101216, -0.00299327, -0.0145007, 275, 0.0039991, 331, -0.00399537, 347
373, 17.6556, -0.100721, 0.000495464, -0.0145007, 275, 0.0039991, 331, -0.00399537, 347
374, 17.5554, -0.10022, 0.000501052, -0.0145007, 275, 0.0039991, 331, -0.00399537, 347
375, 17.4577, -0.0977181, 0.00250153, -0.0145007, 275, 0.0039991, 331, -0.00399537, 347
376, 17.363, -0.0947192, 0.00299886, -0.0145007, 275, 0.0039991, 331, -0.00399537, 347
377, 17.2693, -0.0937209, 0.000998378, -0.0145007, 275, 0.0039991, 331, -0.00399537, 347
378, 17.174, -0.0952184, -0.00149757, -0.0145007, 275, 0.0039991, 331, -0.00399537, 347
379, 17.0783, -0.0957195, -0.000501052, -0.0145007, 275, 0.0039991, 331, -0.00399537, 347
380, 16.9866, -0.0917185, 0.00400096, -0.0145007, 275, 0.00400096, 380, 0.00400096, 380
381, 16.8954, -0.0912193, 0.000499189, -0.0145007, 275, 0.00400096, 380, 0.000499189, 381
382, 16.8037, -0.0917204, -0.000501052, -0.0145007, 275, 0.00400096, 380, -0.000501052, 382
383, 16.7104, -0.0932198, -0.00149943, -0.0145007, 275, 0.00400096, 380, -0.00149943, 383
384, 16.6162, -0.0942182, -0.000998378, -0.0145007, 275, 0.00400096, 380, -0.00149943, 383
385, 16.52, -0.0962205, -0.00200234, -0.0145007, 275, 0.00400096, 380, -0.00200234, 385
386, 16.4223, -0.09772, -0.00149943, -0.0145007, 275, 0.00400096, 380, -0.00200234, 385
387, 16.3231, -0.0992175, -0.00149757, -0.0145007, 275, 0.00400096, 380, -0.00200234, 385
388, 16.2243, -0.0987183, 0.000499189, -0.0145007, 275, 0.00400096, 380, -0.00200234, 385
389, 16.1276, -0.0967216, 0.00199676, -0.0145007, 275, 0.00400096, 380, -0.00200234, 385
390, 16.0314, -0.0962168, 0.000504777, -0.0145007, 275, 0.00400096, 380, -0.00200234, 385
391, 15.9357, -0.0957213, 0.000495464, -0.0145007, 275, 0.00400096, 380, -0.00200234, 385
392, 15.841, -0.0947192, 0.0010021, -0.0145007, 275, 0.00400096, 380, -0.00200234, 385
393, 15.7467, -0.09422, 0.000499189, -0.0145007, 275, 0.00400096, 380, -0.00200234, 385
394, 15.6555, -0.0912175, 0.00300258, -0.0145007, 275, 0.00400096, 380, -0.00200234, 385
395, 15.5683, -0.0872202, 0.00399724, -0.0145007, 275, 0.00400096, 380, -0.00200234, 385
396, 15.4816, -0.086721, 0.000499189, -0.0145007, 275, 0.00400096, 380, -0.00200234, 385
397, 15.3924, -0.089217, -0.00249594, -0.0145007, 275, 0.00400096, 380, -0.00249594, 397
398, 15.3046, -0.0877231, 0.00149384, -0.0145007, 275, 0.00400096, 380, -0.00249594, 397
399, 15.2174, -0.0872202, 0.000502914, -0.0145007, 275, 0.00400096, 380, -0.00249594, 397
400, 15.1287, -0.0887178, -0.00149757, -0.0145007, 275, 0.00400096, 380, -0.00249594, 397
401, 15.0365, -0.0922158, -0.00349805, -0.0145007, 275, 0.00400096, 380, -0.00349805, 401
402, 14.9433, -0.0932217, -0.00100583, -0.0145007, 275, 0.00400096, 380, -0.00349805, 401
403, 14.847, -0.0962205, -0.00299886, -0.0145007, 275, 0.00400096, 380, -0.00349805, 401
404, 14.7483, -0.0987202, -0.00249967, -0.0145007, 275, 0.00400096, 380, -0.00349805, 401
405, 14.6506, -0.0977218, 0.000998378, -0.0145007, 275, 0.00400096, 380, -0.00349805, 401
406, 14.5524, -0.0982173, -0.000495464, -0.0145007, 275, 0.00400096, 380, -0.00349805, 401
407, 14.4522, -0.100218, -0.00200048, -0.0145007, 275, 0.00400096, 380, -0.00349805, 401
408, 14.3504, -0.101723, -0.00150502, -0.0145007, 275, 0.00400096, 380, -0.00349805, 401
409, 14.2512, -0.0992157, 0.00250712, -0.0145007, 275, 0.00400096, 380, -0.00349805, 401
410, 14.152, -0.0992194, -3.72529e-06, -0.0145007, 275, 0.00400096, 380, -0.00349805, 401
411, 14.0523, -0.0997186, -0.000499189, -0.0145007, 275, 0.00400096, 380, -0.00349805, 401
412, 13.9511, -0.10122, -0.00150129, -0.0145007, 275, 0.00400096, 380, -0.00349805, 401
413, 13.8499, -0.101216, 3.72529e-06, -0.0145007, 275, 0.00400096, 380, -0.00349805, 401
414, 13.7491, -0.100721, 0.000495464, -0.0145007, 275, 0.00400096, 380, -0.00349805, 401
415, 13.6484, -0.100721, 0, -0.0145007, 275, 0.00400096, 380, -0.00349805, 401
416, 13.5482, -0.100218, 0.000502914, -0.0145007, 275, 0.00400096, 380, -0.00349805, 401
417, 13.448, -0.100225, -7.45058e-06, -0.0145007, 275, 0.00400096, 380, -0.00349805, 401
418, 13.3493, -0.0987165, 0.00150874, -0.0145007, 275, 0.00400096, 380, -0.00349805, 401
419, 13.2505, -0.0987165, 0, -0.0145007, 275, 0.00400096, 380, -0.00349805, 401
420, 13.1533, -0.0972226, 0.00149384, -0.0145007, 275, 0.00400096, 380, -0.00349805, 401
421, 13.0576, -0.0957176, 0.00150502, -0.0145007, 275, 0.00400096, 380, -0.00349805, 401
422, 12.9689, -0.0887178, 0.00699982, -0.0145007, 275, 0.00699982, 422, 0.00699982, 422
423, 12.8937, -0.0752211, 0.0134967, -0.0145007, 275, 0.0134967, 423, 0.0134967, 423
424, 12.8374, -0.0562221, 0.018999, -0.0145007, 275, 0.018999, 424, 0.018999, 424
425, 12.8092, -0.0282191, 0.028003, -0.0145007, 275, 0.028003, 425, 0.028003, 425
426, 12.815, 0.0057742, 0.0339933, -0.0145007, 275, 0.0339933, 426, 0.0339933, 426
427, 12.8523, 0.037279, 0.0315048, -0.0145007, 275, 0.0339933, 426, 0.0315048, 427
428, 12.919, 0.0667721, 0.0294931, -0.0145007, 275, 0.0339933, 426, 0.0294931, 428
429, 13.0098, 0.0907779, 0.0240058, -0.0145007, 275, 0.0339933, 426, 0.0240058, 429
430, 13.1176, 0.107773, 0.0169948, -0.0145007, 275, 0.0339933, 426, 0.0169948, 430
431, 13.2379, 0.120275, 0.0125021, -0.0145007, 275, 0.0339933, 426, 0.0125021, 431
432, 13.3651, 0.127267, 0.00699237, -0.0145007, 275, 0.0339933, 426, 0.00699237, 432
433, 13.4874, 0.122275, -0.00499189, -0.0145007, 275, 0.0339933, 426, -0.00499189, 433
434, 13.5997, 0.112277, -0.00999868, -0.0145007, 275, 0.0339933, 426, -0.00999868, 434
435, 13.7075, 0.107769, -0.0045076, -0.0145007, 275, 0.0339933, 426, -0.00999868, 434
436, 13.8112, 0.103775, -0.00399351, -0.0145007, 275, 0.0339933, 426, -0.00999868, 434
437, 13.911, 0.0997745, -0.00400096, -0.0145007, 275, 0.0339933, 426, -0.00999868, 434
438, 14.0113, 0.100274, 0.000499189, -0.0145007, 275, 0.0339933, 426, -0.00999868, 434
439, 14.1126, 0.101276, 0.0010021, -0.0145007, 275, 0.0339933, 426, -0.00999868, 434
440, 14.2103, 0.0977777, -0.00349805, -0.0145007, 275, 0.0339933, 426, -0.00999868, 434
441, 14.3081, 0.0977702, -7.45058e-06, -0.0145007, 275, 0.0339933, 426, -0.00999868, 434
442, 14.4084, 0.100274, 0.0025034, -0.0145007, 275, 0.0339933, 426, -0.00999868, 434
443, 14.5082, 0.0997745, -0.000499189, -0.0145007, 275, 0.0339933, 426, -0.00999868, 434
444, 14.6074, 0.0992715, -0.000502914, -0.0145007, 275, 0.0339933, 426, -0.00999868, 434
445, 14.7077, 0.100277, 0.00100583, -0.0145007, 275, 0.0339933, 426, -0.00999868, 434
446, 14.806, 0.0982732, -0.00200421, -0.0145007, 275, 0.0339933, 426, -0.00999868, 434
447, 14.9067, 0.100773, 0.00249967, -0.0145007, 275, 0.0339933, 426, -0.00999868, 434
448, 15.012, 0.105273, 0.00450015, -0.0145007, 275, 0.0339933, 426, -0.00999868, 434
449, 15.1173, 0.105277, 3.72529e-06, -0.0145007, 275, 0.0339933, 426, -0.00999868, 434
450, 15.2206, 0.103269, -0.00200793, -0.0145007, 275, 0.0339933, 426, -0.00999868, 434
451, 15.3228, 0.102278, -0.000990927, -0.0145007, 275, 0.0339933, 426, -0.00999868, 434
452, 15.4236, 0.100777, -0.00150129, -0.0145007, 275, 0.0339933, 426, -0.00999868, 434
453, 15.5244, 0.100769, -7.45058e-06, -0.0145007, 275, 0.0339933, 426, -0.00999868, 434
454, 15.6202, 0.0957772, -0.00499189, -0.0145007, 275, 0.0339933, 426, -0.00999868, 434
455, 15.7104, 0.090275, -0.00550225, -0.0145007, 275, 0.0339933, 426, -0.00999868, 434
456, 15.8012, 0.0907704, 0.000495464, -0.0145007, 275, 0.0339933, 426, -0.00999868, 434
457, 15.8935, 0.0922754, 0.00150502, -0.0145007, 275, 0.0339933, 426, -0.00999868, 434
458, 15.9858, 0.0922792, 3.72529e-06, -0.0145007, 275, 0.0339933, 426, -0.00999868, 434
459, 16.0785, 0.0927709, 0.000491738, -0.0145007, 275, 0.0339933, 426, -0.00999868, 434
460, 16.1748, 0.0962745, 0.00350364, -0.0145007, 275, 0.0339933, 426, -0.00999868, 434
461, 16.2746, 0.0997726, 0.00349805, -0.0145007, 275, 0.0339933, 426, -0.00999868, 434
462, 16.3784, 0.103774, 0.00400096, -0.0145007, 275, 0.0339933, 426, -0.00999868, 434
463, 16.4846, 0.106273, 0.00249967, -0.0145007, 275, 0.0339933, 426, -0.00999868, 434
464, 16.5894, 0.104774, -0.00149943, -0.0145007, 275, 0.0339933, 426, -0.00999868, 434
465, 16.6887, 0.0992734, -0.00550039, -0.0145007, 275, 0.0339933, 426, -0.00999868, 434
466, 16.785, 0.0962745, -0.00299886, -0.0145007, 275, 0.0339933, 426, -0.00999868, 434
467, 16.8807, 0.0957754, -0.000499189, -0.0145007, 275, 0.0339933, 426, -0.00999868, 434
468, 16.974, 0.093272, -0.0025034, -0.0145007, 275, 0.0339933, 426, -0.00999868, 434
469, 17.0658, 0.0917763, -0.0014957, -0.0145007, 275, 0.0339933, 426, -0.00999868, 434
470, 17.1591, 0.0932738, 0.00149757, -0.0145007, 275, 0.0339933, 426, -0.00999868, 434
471, 17.2518, 0.0927728, -0.000501052, -0.0145007, 275, 0.0339933, 426, -0.00999868, 434
472, 17.3441, 0.0922754, -0.000497326, -0.0145007, 275, 0.0339933, 426, -0.00999868, 434
473, 17.4394, 0.0952743, 0.00299886, -0.0145007, 275, 0.0339933, 426, -0.00999868, 434
474, 17.5376, 0.0982732, 0.00299886, -0.0145007, 275, 0.0339933, 426, -0.00999868, 434
475, 17.6339, 0.0962745, -0.00199862, -0.0145007, 275, 0.0339933, 426, -0.00999868, 434
476, 17.7252, 0.0912733, -0.0050012, -0.0145007, 275, 0.0339933, 426, -0.00999868, 434
477, 17.8155, 0.090275, -0.000998378, -0.0145007, 275, 0.0339933, 426, -0.00999868, 434
478, 17.9072, 0.0917744, 0.00149943, -0.0145007, 275, 0.0339933, 426, -0.00999868, 434
479, 18, 0.0927728, 0.000998378, -0.0145007, 275, 0.0339933, 426, -0.00999868, 434
480, 18.0938, 0.0937749, 0.0010021, -0.0145007, 275, 0.0339933, 426, -0.00999868, 434
481, 18.1906, 0.0967756, 0.00300072, -0.0145007, 275, 0.0339933, 426, -0.00999868, 434
482, 18.2863, 0.0957735, -0.0010021, -0.0145007, 275, 0.0339933, 426, -0.00999868, 434
483, 18.3826, 0.0962727, 0.000499189, -0.0145007, 275, 0.0339933, 426, -0.00999868, 434
484, 18.4869, 0.104276, 0.00800379, -0.0145007, 275, 0.0339933, 426, -0.00999868, 434
485, 18.5937, 0.106772, 0.00249594, -0.0145007, 275, 0.0339933, 426, -0.00999868, 434
486, 18.6969, 0.103274, -0.00349805, -0.0145007, 275, 0.0339933, 426, -0.00999868, 434
487, 18.7972, 0.100274, -0.00300072, -0.0145007, 275, 0.0339933, 426, -0.00999868, 434
488, 18.898, 0.100773, 0.000499189, -0.0145007, 275, 0.0339933, 426, -0.00999868, 434
489, 18.9973, 0.0992734, -0.00149943, -0.0145007, 275, 0.0339933, 426, -0.00999868, 434
490, 19.096, 0.0987761, -0.000497326, -0.0145007, 275, 0.0339933, 426, -0.00999868, 434
491, 19.1958, 0.0997745, 0.000998378, -0.0145007, 275, 0.0339933, 426, -0.00999868, 434
492, 19.2926, 0.0967719, -0.00300258, -0.0145007, 275, 0.0339933, 426, -0.00999868, 434
493, 19.3864, 0.0937749, -0.002997, -0.0145007, 275, 0.0339933, 426, -0.00999868, 434
494, 19.4801, 0.093773, -1.86265e-06, -0.0145007, 275, 0.0339933, 426, -0.00999868, 434
495, 19.5759, 0.0957754, 0.00200234, -0.0145007, 275, 0.0339933, 426, -0.00999868, 434
496, 19.6707, 0.0947751, -0.00100024, -0.0145007, 275, 0.0339933, 426, -0.00999868, 434
497, 19.7625, 0.0917725, -0.00300258, -0.0145007, 275, 0.0339933, 426, -0.00999868, 434
498, 19.8542, 0.0917744, 1.86265e-06, -0.0145007, 275, 0.0339933, 426, -0.00999868, 434
499, 19.948, 0.0937749, 0.00200048, -0.0145007, 275, 0.0339933, 426, -0.00999868, 434
500, 20.0418, 0.093773, -1.86265e-06, -0.0145007, 275, 0.0339933, 426, -0.00999868, 434
501, 20.1355, 0.0937749, 1.86265e-06, -0.0145007, 275, 0.0339933, 426, -0.00999868, 434
502, 20.2313, 0.0957754, 0.00200048, -0.0145007, 275, 0.0339933, 426, -0.00999868, 434
503, 20.3276, 0.0962727, 0.000497326, -0.0145007, 275, 0.0339933, 426, -0.00999868, 434
504, 20.4249, 0.0972729, 0.00100024, -0.0145007, 275, 0.0339933, 426, -0.00999868, 434
505, 20.5216, 0.0967775, -0.000495464, -0.0145007, 275, 0.0339933, 426, -0.00999868, 434
506, 20.6179, 0.0962727, -0.000504777, -0.0145007, 275, 0.0339933, 426, -0.00999868, 434
507, 20.7157, 0.097774, 0.00150129, -0.0145007, 275, 0.0339933, 426, -0.00999868, 434
508, 20.818, 0.102274, 0.00450015, -0.0145007, 275, 0.0339933, 426, -0.00999868, 434
509, 20.9192, 0.101274, -0.00100024, -0.0145007, 275, 0.0339933, 426, -0.00999868, 434
510, 21.0185, 0.0992715, -0.00200234, -0.0145007, 275, 0.0339933, 426, -0.00999868, 434
511, 21.1178, 0.0992771, 5.58794e-06, -0.0145007, 275, 0.0339933, 426, -0.00999868, 434
512, 21.2171, 0.0992734, -3.72529e-06, -0.0145007, 275, 0.0339933, 426, -0.00999868, 434
513, 21.3158, 0.0987723, -0.000501052, -0.0145007, 275, 0.0339933, 426, -0.00999868, 434
514, 21.4141, 0.0982732, -0.000499189, -0.0145007, 275, 0.0339933, 426, -0.00999868, 434
515, 21.5094, 0.0952762, -0.002997, -0.0145007, 275, 0.0339933, 426, -0.00999868, 434
516, 21.6037, 0.0942741, -0.0010021, -0.0145007, 275, 0.0339933, 426, -0.00999868, 434
517, 21.7014, 0.0977721, 0.00349805, -0.0145007, 275, 0.0339933, 426, -0.00999868, 434
518, 21.8017, 0.100276, 0.0025034, -0.0145007, 275, 0.0339933, 426, -0.00999868, 434
519, 21.902, 0.100274, -1.86265e-06, -0.0145007, 275, 0.0339933, 426, -0.00999868, 434
520, 22.0013, 0.0992734, -0.00100024, -0.0145007, 275, 0.0339933, 426, -0.00999868, 434
521, 22.102, 0.100777, 0.00150315, -0.0145007, 275, 0.0339933, 426, -0.00999868, 434
522, 22.2053, 0.103272, 0.00249594, -0.0145007, 275, 0.0339933, 426, -0.00999868, 434
523, 22.3081, 0.102773, -0.000499189, -0.0145007, 275, 0.0339933, 426, -0.00999868, 434
524, 22.4079, 0.0997745, -0.00299886, -0.0145007, 275, 0.0339933, 426, -0.00999868, 434
525, 22.5066, 0.0987723, -0.0010021, -0.0145007, 275, 0.0339933, 426, -0.00999868, 434
526, 22.6044, 0.0977758, -0.000996515, -0.0145007, 275, 0.0339933, 426, -0.00999868, 434
527, 22.7002, 0.0957735, -0.00200234, -0.0145007, 275, 0.0339933, 426, -0.00999868, 434
528, 22.7954, 0.0952743, -0.000499189, -0.0145007, 275, 0.0339933, 426, -0.00999868, 434
529, 22.8912, 0.0957735, 0.000499189, -0.0145007, 275, 0.0339933, 426, -0.00999868, 434
530, 22.988, 0.0967756, 0.0010021, -0.0145007, 275, 0.0339933, 426, -0.00999868, 434
531, 23.0858, 0.097774, 0.000998378, -0.0145007, 275, 0.0339933, 426, -0.00999868, 434
532, 23.185, 0.0992715, 0.00149757, -0.0145007, 275, 0.0339933, 426, -0.00999868, 434
533, 23.2843, 0.0992753, 3.72529e-06, -0.0145007, 275, 0.0339933, 426, -0.00999868, 434
534, 23.3836, 0.0992734, -1.86265e-06, -0.0145007, 275, 0.0339933, 426, -0.00999868, 434
535, 23.4849, 0.101274, 0.00200048, -0.0145007, 275, 0.0339933, 426, -0.00999868, 434
536, 23.5866, 0.101775, 0.000501052, -0.0145007, 275, 0.0339933, 426, -0.00999868, 434
537, 23.6854, 0.0987742, -0.00300072, -0.0145007, 275, 0.0339933, 426, -0.00999868, 434
538, 23.7832, 0.0977721, -0.0010021, -0.0145007, 275, 0.0339933, 426, -0.00999868, 434
539, 23.8835, 0.100276, 0.0025034, -0.0145007, 275, 0.0339933, 426, -0.00999868, 434
540, 23.9842, 0.100775, 0.000499189, -0.0145007, 275, 0.0339933, 426, -0.00999868, 434
541, 24.086, 0.101773, 0.000998378, -0.0145007, 275, 0.0339933, 426, -0.00999868, 434
542, 24.1888, 0.102775, 0.0010021, -0.0145007, 275, 0.0339933, 426, -0.00999868, 434
543, 24.2911, 0.102272, -0.000502914, -0.0145007, 275, 0.0339933, 426, -0.00999868, 434
544, 24.3893, 0.0982732, -0.0039991, -0.0145007, 275, 0.0339933, 426, -0.00999868, 434
545, 24.4871, 0.0977758, -0.000497326, -0.0145007, 275, 0.0339933, 426, -0.00999868, 434
546, 24.5844, 0.0972748, -0.000501052, -0.0145007, 275, 0.0339933, 426, -0.00999868, 434
547, 24.6812, 0.0967719, -0.000502914, -0.0145007, 275, 0.0339933, 426, -0.00999868, 434
548, 24.7784, 0.0972748, 0.000502914, -0.0145007, 275, 0.0339933, 426, -0.00999868, 434
549, 24.8747, 0.0962727, -0.0010021, -0.0145007, 275, 0.0339933, 426, -0.00999868, 434
550, 24.968, 0.0932757, -0.002997, -0.0145007, 275, 0.0339933, 426, -0.00999868, 434
551, 25.0597, 0.0917744, -0.00150129, -0.0145007, 275, 0.0339933, 426, -0.00999868, 434
552, 25.1585, 0.0987742, 0.00699982, -0.0145007, 275, 0.0339933, 426, -0.00999868, 434
553, 25.2623, 0.103772, 0.00499748, -0.0145007, 275, 0.0339933, 426, -0.00999868, 434
554, 25.3631, 0.100775, -0.002997, -0.0145007, 275, 0.0339933, 426, -0.00999868, 434
555, 25.4638, 0.100777, 1.86265e-06, -0.0145007, 275, 0.0339933, 426, -0.00999868, 434
556, 25.5626, 0.0987723, -0.00200421, -0.0145007, 275, 0.0339933, 426, -0.00999868, 434
557, 25.6594, 0.0967737, -0.00199862, -0.0145007, 275, 0.0339933, 426, -0.00999868, 434
558, 25.7582, 0.0987742, 0.00200048, -0.0145007, 275, 0.0339933, 426, -0.00999868, 434
559, 25.8599, 0.101773, 0.00299886, -0.0145007, 275, 0.0339933, 426, -0.00999868, 434
560, 25.9587, 0.0987761, -0.002997, -0.0145007, 275, 0.0339933, 426, -0.00999868, 434
561, 26.0575, 0.0987723, -3.72529e-06, -0.0145007, 275, 0.0339933, 426, -0.00999868, 434
562, 26.1598, 0.102274, 0.00350177, -0.0145007, 275, 0.0339933, 426, -0.00999868, 434
563, 26.2575, 0.097774, -0.00450015, -0.0145007, 275, 0.0339933, 426, -0.00999868, 434
564, 26.3533, 0.0957735, -0.00200048, -0.0145007, 275, 0.0339933, 426, -0.00999868, 434
565, 26.4506, 0.0972748, 0.00150129, -0.0145007, 275, 0.0339933, 426, -0.00999868, 434
566, 26.5474, 0.0967756, -0.000499189, -0.0145007, 275, 0.0339933, 426, -0.00999868, 434
567, 26.6431, 0.0957716, -0.00100397, -0.0145007, 275, 0.0339933, 426, -0.00999868, 434
568, 26.7424, 0.0992734, 0.00350177, -0.0145007, 275, 0.0339933, 426, -0.00999868, 434
569, 26.8397, 0.0972766, -0.00199676, -0.0145007, 275, 0.0339933, 426, -0.00999868, 434
570, 26.9355, 0.0957735, -0.00150315, -0.0145007, 275, 0.0339933, 426, -0.00999868, 434
571, 27.0362, 0.100773, 0.00499934, -0.0145007, 275, 0.0339933, 426, -0.00999868, 434
572, 27.139, 0.102775, 0.00200234, -0.0145007, 275, 0.0339933, 426, -0.00999868, 434
573, 27.2383, 0.0992734, -0.00350177, -0.0145007, 275, 0.0339933, 426, -0.00999868, 434
574, 27.3311, 0.0927746, -0.00649877, -0.0145007, 275, 0.0339933, 426, -0.00999868, 434
575, 27.4133, 0.0822749, -0.0104997, -0.0145007, 275, 0.0339933, 426, -0.0104997, 575
576, 27.4821, 0.0687744, -0.0135005, -0.0145007, 275, 0.0339933, 426, -0.0135005, 576
577, 27.5394, 0.0572745, -0.0115, -0.0145007, 275, 0.0339933, 426, -0.0135005, 576
578, 27.5852, 0.0457764, -0.0114981, -0.0145007, 275, 0.0339933, 426, -0.0135005, 576
579, 27.6174, 0.0322759, -0.0135005, -0.0145007, 275, 0.0339933, 426, -0.0135005, 576
580, 27.6377, 0.0202768, -0.0119992, -0.0145007, 275, 0.0339933, 426, -0.0135005, 576
581, 27.6495, 0.0117775, -0.00849925, -0.0145007, 275, 0.0339933, 426, -0.0135005, 576
582, 27.6563, 0.00677817, -0.00499934, -0.0145007, 275, 0.0339933, 426, -0.0135005, 576
583, 27.6605, 0.00427663, -0.00250153, -0.0145007, 275, 0.0339933, 426, -0.0135005, 576
584, 27.6638, 0.00327826, -0.000998378, -0.0145007, 275, 0.0339933, 426, -0.0135005, 576
585, 27.6661, 0.00227615, -0.0010021, -0.0145007, 275, 0.0339933, 426, -0.0135005, 576
586, 27.6679, 0.00177696, -0.000499189, -0.0145007, 275, 0.0339933, 426, -0.0135005, 576
587, 27.6686, 0.000776723, -0.00100024, -0.0145007, 275, 0.0339933, 426, -0.0135005, 576
588, 27.6679, -0.000720844, -0.00149757, -0.0145007, 275, 0.0339933, 426, -0.0135005, 576
589, 27.6662, -0.00172295, -0.0010021, -0.0145007, 275, 0.0339933, 426, -0.0135005, 576
590, 27.665, -0.00122376, 0.000499189, -0.0145007, 275, 0.0339933, 426, -0.0135005, 576
591, 27.6643, -0.000720844, 0.000502914, -0.0145007, 275, 0.0339933, 426, -0.0135005, 576
592, 27.664, -0.000223517, 0.000497326, -0.0145007, 275, 0.0339933, 426, -0.0135005, 576
593, 27.6643, 0.000275671, 0.000499189, -0.0145007, 275, 0.0339933, 426, -0.0135005, 576
594, 27.6646, 0.000279397, 3.72529e-06, -0.0145007, 275, 0.0339933, 426, -0.0135005, 576
595, 27.6664, 0.00177696, 0.00149757, -0.0145007, 275, 0.0339933, 426, -0.0135005, 576
596, 27.6691, 0.00277534, 0.000998378, -0.0145007, 275, 0.0339933, 426, -0.0135005, 576
597, 27.6729, 0.00377931, 0.00100397, -0.0145007, 275, 0.0339933, 426, -0.0135005, 576
598, 27.6752, 0.00227615, -0.00150315, -0.0145007, 275, 0.0339933, 426, -0.0135005, 576
599, 27.676, 0.000776723, -0.00149943, -0.0145007, 275, 0.0339933, 426, -0.0135005, 576
600, 27.6763, 0.000279397, -0.000497326, -0.0145007, 275, 0.0339933, 426, -0.0135005, 576
601, 27.676, -0.000223517, -0.000502914, -0.0145007, 275, 0.0339933, 426, -0.0135005, 576
602, 27.6753, -0.000722706, -0.000499189, -0.0145007, 275, 0.0339933, 426, -0.0135005, 576
603, 27.6746, -0.000722706, 0, -0.0145007, 275, 0.0339933, 426, -0.0135005, 576
604, 27.6729, -0.00172295, -0.00100024, -0.0145007, 275, 0.0339933, 426, -0.0135005, 576
605, 27.6711, -0.00172295, 0, -0.0145007, 275, 0.0339933, 426, -0.0135005, 576
606, 27.6699, -0.0012219, 0.000501052, -0.0145007, 275, 0.0339933, 426, -0.0135005, 576
607, 27.6692, -0.000722706, 0.000499189, -0.0145007, 275, 0.0339933, 426, -0.0135005, 576
608, 27.6695, 0.000277534, 0.00100024, -0.0145007, 275, 0.0339933, 426, -0.0135005, 576
609, 27.6687, -0.000722706, -0.00100024, -0.0145007, 275, 0.0339933, 426, -0.0135005, 576
610, 27.668, -0.000722706, 0, -0.0145007, 275, 0.0339933, 426, -0.0135005, 576
611, 27.6673, -0.000722706, 0, -0.0145007, 275, 0.0339933, 426, -0.0135005, 576
612, 27.6666, -0.000722706, 0, -0.0145007, 275, 0.0339933, 426, -0.0135005, 576
613, 27.6659, -0.000722706, 0, -0.0145007, 275, 0.0339933, 426, -0.0135005, 576
614, 27.6651, -0.000722706, 0, -0.0145007, 275, 0.0339933, 426, -0.0135005, 576
615, 27.6649, -0.000221655, 0.000501052, -0.0145007, 275, 0.0339933, 426, -0.0135005, 576
616, 27.6652, 0.000275671, 0.000497326, -0.0145007, 275, 0.0339933, 426, -0.0135005, 576
617, 27.666, 0.000776723, 0.000501052, -0.0145007, 275, 0.0339933, 426, -0.0135005, 576
618, 27.6672, 0.00127964, 0.000502914, -0.0145007, 275, 0.0339933, 426, -0.0135005, 576
619, 27.6685, 0.00127591, -3.72529e-06, -0.0145007, 275, 0.0339933, 426, -0.0135005, 576
620, 27.6708, 0.00227802, 0.0010021, -0.0145007, 275, 0.0339933, 426, -0.0135005, 576
621, 27.6731, 0.00227802, 0, -0.0145007, 275, 0.0339933, 426, -0.0135005, 576
622, 27.6754, 0.00227615, -1.86265e-06, -0.0145007, 275, 0.0339933, 426, -0.0135005, 576
623, 27.6781, 0.0027772, 0.000501052, -0.0145007, 275, 0.0339933, 426, -0.0135005, 576
624, 27.6804, 0.00227802, -0.000499189, -0.0145007, 275, 0.0339933, 426, -0.0135005, 576
625, 27.6822, 0.00177696, -0.000501052, -0.0145007, 275, 0.0339933, 426, -0.0135005, 576
626, 27.6835, 0.00127777, -0.000499189, -0.0145007, 275, 0.0339933, 426, -0.0135005, 576
627, 27.6842, 0.000778586, -0.000499189, -0.0145007, 275, 0.0339933, 426, -0.0135005, 576
628, 27.6845, 0.000275671, -0.000502914, -0.0145007, 275, 0.0339933, 426, -0.0135005, 576
629, 27.6823, -0.00222214, -0.00249781, -0.0145007, 275, 0.0339933, 426, -0.0135005, 576
630, 27.6781, -0.00422262, -0.00200048, -0.0145007, 275, 0.0339933, 426, -0.0135005, 576
631, 27.6738, -0.00422262, 0, -0.0145007, 275, 0.0339933, 426, -0.0135005, 576
632, 27.6696, -0.00422448, -1.86265e-06, -0.0145007, 275, 0.0339933, 426, -0.0135005, 576
633, 27.6659, -0.0037197, 0.000504777, -0.0145007, 275, 0.0339933, 426, -0.0135005, 576
634, 27.6632, -0.00272319, 0.000996515, -0.0145007, 275, 0.0339933, 426, -0.0135005, 576
635, 27.662, -0.00122376, 0.00149943, -0.0145007, 275, 0.0339933, 426, -0.0135005, 576
636, 27.6632, 0.00127777, 0.00250153, -0.0145007, 275, 0.0339933, 426, -0.0135005, 576
637, 27.666, 0.0027772, 0.00149943, -0.0145007, 275, 0.0339933, 426, -0.0135005, 576
638, 27.6693, 0.00327639, 0.000499189, -0.0145007, 275, 0.0339933, 426, -0.0135005, 576
639, 27.6726, 0.00327826, 1.86265e-06, -0.0145007, 275, 0.0339933, 426, -0.0135005, 576
640, 27.6753, 0.0027772, -0.000501052, -0.0145007, 275, 0.0339933, 426, -0.0135005, 576
641, 27.6771, 0.00177696, -0.00100024, -0.0145007, 275, 0.0339933, 426, -0.0135005, 576
642, 27.6779, 0.000778586, -0.000998378, -0.0145007, 275, 0.0339933, 426, -0.0135005, 576
643, 27.6762, -0.00172295, -0.00250153, -0.0145007, 275, 0.0339933, 426, -0.0135005, 576
644, 27.674, -0.002224, -0.000501052, -0.0145007, 275, 0.0339933, 426, -0.0135005, 576
645, 27.6722, -0.00172108, 0.000502914, -0.0145007, 275, 0.0339933, 426, -0.0135005, 576
646, 27.6715, -0.000722706, 0.000998378, -0.0145007, 275, 0.0339933, 426, -0.0135005, 576
647, 27.6713, -0.000223517, 0.000499189, -0.0145007, 275, 0.0339933, 426, -0.0135005, 576
648, 27.6711, -0.000221655, 1.86265e-06, -0.0145007, 275, 0.0339933, 426, -0.0135005, 576
649, 27.6723, 0.00127591, 0.00149757, -0.0145007, 275, 0.0339933, 426, -0.0135005, 576
650, 27.6751, 0.0027772, 0.00150129, -0.0145007, 275, 0.0339933, 426, -0.0135005, 576
651, 27.6779, 0.00277907, 1.86265e-06, -0.0145007, 275, 0.0339933, 426, -0.0135005, 576
652, 27.6807, 0.0027772, -1.86265e-06, -0.0145007, 275, 0.0339933, 426, -0.0135005, 576
653, 27.6834, 0.00277534, -1.86265e-06, -0.0145007, 275, 0.0339933, 426, -0.0135005, 576
654, 27.6857, 0.00227988, -0.000495464, -0.0145007, 275, 0.0339933, 426, -0.0135005, 576
655, 27.6865, 0.000776723, -0.00150315, -0.0145007, 275, 0.0339933, 426, -0.0135005, 576
656, 27.6873, 0.000776723, 0, -0.0145007, 275, 0.0339933, 426, -0.0135005, 576
657, 27.6876, 0.000277534, -0.000499189, -0.0145007, 275, 0.0339933, 426, -0.0135005, 576
658, 27.6873, -0.000223517, -0.000501052, -0.0145007, 275, 0.0339933, 426, -0.0135005, 576
659, 27.6871, -0.000223517, 0, -0.0145007, 275, 0.0339933, 426, -0.0135005, 576
660, 27.6869, -0.000219792, 3.72529e-06, -0.0145007, 275, 0.0339933, 426, -0.0135005, 576
661, 27.6862, -0.000724569, -0.000504777, -0.0145007, 275, 0.0339933, 426, -0.0135005, 576
662, 27.6869, 0.000776723, 0.00150129, -0.0145007, 275, 0.0339933, 426, -0.0135005, 576
663, 27.6877, 0.000776723, 0, -0.0145007, 275, 0.0339933, 426, -0.0135005, 576
664, 27.689, 0.00127964, 0.000502914, -0.0145007, 275, 0.0339933, 426, -0.0135005, 576
665, 27.6893, 0.000275671, -0.00100397, -0.0145007, 275, 0.0339933, 426, -0.0135005, 576
666, 27.6881, -0.0012219, -0.00149757, -0.0145007, 275, 0.0339933, 426, -0.0135005, 576
667, 27.6863, -0.00172295, -0.000501052, -0.0145007, 275, 0.0339933, 426, -0.0135005, 576
668, 27.6851, -0.00122003, 0.000502914, -0.0145007, 275, 0.0339933, 426, -0.0135005, 576
669, 27.6839, -0.00122376, -3.72529e-06, -0.0145007, 275, 0.0339933, 426, -0.0135005, 576
670, 27.6827, -0.0012219, 1.86265e-06, -0.0145007, 275, 0.0339933, 426, -0.0135005, 576
671, 27.6824, -0.000223517, 0.000998378, -0.0145007, 275, 0.0339933, 426, -0.0135005, 576
672, 27.6827, 0.000277534, 0.000501052, -0.0145007, 275, 0.0339933, 426, -0.0135005, 576
673, 27.684, 0.00127777, 0.00100024, -0.0145007, 275, 0.0339933, 426, -0.0135005, 576
674, 27.6868, 0.0027772, 0.00149943, -0.0145007, 275, 0.0339933, 426, -0.0135005, 576
675, 27.691, 0.00427477, 0.00149757, -0.0145007, 275, 0.0339933, 426, -0.0135005, 576
676, 27.6968, 0.00577793, 0.00150315, -0.0145007, 275, 0.0339933, 426, -0.0135005, 576
677, 27.7036, 0.00677817, 0.00100024, -0.0145007, 275, 0.0339933, 426, -0.0135005, 576
678, 27.7109, 0.00727549, 0.000497326, -0.0145007, 275, 0.0339933, 426, -0.0135005, 576
679, 27.7182, 0.00727922, 3.72529e-06, -0.0145007, 275, 0.0339933, 426, -0.0135005, 576
680, 27.7244, 0.00627711, -0.0010021, -0.0145007, 275, 0.0339933, 426, -0.0135005, 576
681, 27.7272, 0.00277534, -0.00350177, -0.0145007, 275, 0.0339933, 426, -0.0135005, 576
682, 27.7275, 0.000279397, -0.00249594, -0.0145007, 275, 0.0339933, 426, -0.0135005, 576
683, 27.7273, -0.000223517, -0.000502914, -0.0145007, 275, 0.0339933, 426, -0.0135005, 576
684, 27.725, -0.00222214, -0.00199862, -0.0145007, 275, 0.0339933, 426, -0.0135005, 576
685, 27.7208, -0.00422262, -0.00200048, -0.0145007, 275, 0.0339933, 426, -0.0135005, 576
686, 27.7166, -0.00422262, 0, -0.0145007, 275, 0.0339933, 426, -0.0135005, 576
687, 27.7119, -0.00472367, -0.000501052, -0.0145007, 275, 0.0339933, 426, -0.0135005, 576
688, 27.7092, -0.00272132, 0.00200234, -0.0145007, 275, 0.0339933, 426, -0.0135005, 576
689, 27.7084, -0.000722706, 0.00199862, -0.0145007, 275, 0.0339933, 426, -0.0135005, 576
690, 27.7097, 0.00127591, 0.00199862, -0.0145007, 275, 0.0339933, 426, -0.0135005, 576
691, 27.711, 0.00127964, 3.72529e-06, -0.0145007, 275, 0.0339933, 426, -0.0135005, 576
692, 27.7123, 0.00127591, -3.72529e-06, -0.0145007, 275, 0.0339933, 426, -0.0135005, 576
693, 27.713, 0.000776723, -0.000499189, -0.0145007, 275, 0.0339933, 426, -0.0135005, 576
694, 27.7128, -0.000221655, -0.000998378, -0.0145007, 275, 0.0339933, 426, -0.0135005, 576
695, 27.7111, -0.00172295, -0.00150129, -0.0145007, 275, 0.0339933, 426, -0.0135005, 576
696, 27.7089, -0.002224, -0.000501052, -0.0145007, 275, 0.0339933, 426, -0.0135005, 576
697, 27.7067, -0.00221841, 5.58794e-06, -0.0145007, 275, 0.0339933, 426, -0.0135005, 576
698, 27.7039, -0.00272319, -0.000504777, -0.0145007, 275, 0.0339933, 426, -0.0135005, 576
699, 27.7017, -0.002224, 0.000499189, -0.0145007, 275, 0.0339933, 426, -0.0135005, 576
700, 27.6995, -0.00222214, 1.86265e-06, -0.0145007, 275, 0.0339933, 426, -0.0135005, 576
701, 27.6983, -0.0012219, 0.00100024, -0.0145007, 275, 0.0339933, 426, -0.0135005, 576
702, 27.699, 0.000776723, 0.00199862, -0.0145007, 275, 0.0339933, 426, -0.0135005, 576
703, 27.7003, 0.00127777, 0.000501052, -0.0145007, 275, 0.0339933, 426, -0.0135005, 576
704, 27.7026, 0.00227615, 0.000998378, -0.0145007, 275, 0.0339933, 426, -0.0135005, 576
705, 27.7054, 0.0027772, 0.000501052, -0.0145007, 275, 0.0339933, 426, -0.0135005, 576
706, 27.7082, 0.00277907, 1.86265e-06, -0.0145007, 275, 0.0339933, 426, -0.0135005, 576
707, 27.7104, 0.00227615, -0.000502914, -0.0145007, 275, 0.0339933, 426, -0.0135005, 576
708, 27.7132, 0.0027772, 0.000501052, -0.0145007, 275, 0.0339933, 426, -0.0135005, 576
709, 27.716, 0.00277907, 1.86265e-06, -0.0145007, 275, 0.0339933, 426, -0.0135005, 576
710, 27.7188, 0.00277348, -5.58794e-06, -0.0145007, 275, 0.0339933, 426, -0.0135005, 576
711, 27.721, 0.00227802, -0.000495464, -0.0145007, 275, 0.0339933, 426, -0.0135005, 576
712, 27.7238, 0.00277907, 0.000501052, -0.0145007, 275, 0.0339933, 426, -0.0135005, 576
713, 27.7261, 0.00227615, -0.000502914, -0.0145007, 275, 0.0339933, 426, -0.0135005, 576
714, 27.7289, 0.0027772, 0.000501052, -0.0145007, 275, 0.0339933, 426, -0.0135005, 576
715, 27.7316, 0.0027772, 0, -0.0145007, 275, 0.0339933, 426, -0.0135005, 576
716, 27.7344, 0.0027772, 0, -0.0145007, 275, 0.0339933, 426, -0.0135005, 576
717, 27.7372, 0.0027772, 0, -0.0145007, 275, 0.0339933, 426, -0.0135005, 576
718, 27.74, 0.00277907, 1.86265e-06, -0.0145007, 275, 0.0339933, 426, -0.0135005, 576
719, 27.7423, 0.00227615, -0.000502914, -0.0145007, 275, 0.0339933, 426, -0.0135005, 576
720, 27.7445, 0.00227615, 0, -0.0145007, 275, 0.0339933, 426, -0.0135005, 576
721, 27.7473, 0.00277907, 0.000502914, -0.0145007, 275, 0.0339933, 426, -0.0135005, 576
722, 27.7501, 0.0027772, -1.86265e-06, -0.0145007, 275, 0.0339933, 426, -0.0135005, 576
723, 27.7529, 0.00277534, -1.86265e-06, -0.0145007, 275, 0.0339933, 426, -0.0135005, 576
724, 27.7546, 0.00177883, -0.000996515, -0.0145007, 275, 0.0339933, 426, -0.0135005, 576
725, 27.7554, 0.000776723, -0.0010021, -0.0145007, 275, 0.0339933, 426, -0.0135005, 576
726, 27.7562, 0.000776723, 0, -0.0145007, 275, 0.0339933, 426, -0.0135005, 576
727, 27.7555, -0.000720844, -0.00149757, -0.0145007, 275, 0.0339933, 426, -0.0135005, 576
728, 27.7527, -0.00272319, -0.00200234, -0.0145007, 275, 0.0339933, 426, -0.0135005, 576
729, 27.75, -0.00272319, 0, -0.0145007, 275, 0.0339933, 426, -0.0135005, 576
730, 27.7463, -0.00372157, -0.000998378, -0.0145007, 275, 0.0339933, 426, -0.0135005, 576
731, 27.7431, -0.00322424, 0.000497326, -0.0145007, 275, 0.0339933, 426, -0.0135005, 576
732, 27.7414, -0.00172295, 0.00150129, -0.0145007, 275, 0.0339933, 426, -0.0135005, 576
733, 27.7406, -0.000720844, 0.0010021, -0.0145007, 275, 0.0339933, 426, -0.0135005, 576
734, 27.7399, -0.000722706, -1.86265e-06, -0.0145007, 275, 0.0339933, 426, -0.0135005, 576
735, 27.7402, 0.000275671, 0.000998378, -0.0145007, 275, 0.0339933, 426, -0.0135005, 576
736, 27.7415, 0.00127964, 0.00100397, -0.0145007, 275, 0.0339933, 426, -0.0135005, 576
737, 27.7432, 0.00177696, 0.000497326, -0.0145007, 275, 0.0339933, 426, -0.0135005, 576
738, 27.745, 0.0017751, -1.86265e-06, -0.0145007, 275, 0.0339933, 426, -0.0135005, 576
739, 27.7463, 0.00127777, -0.000497326, -0.0145007, 275, 0.0339933, 426, -0.0135005, 576
740, 27.7476, 0.00127777, 0, -0.0145007, 275, 0.0339933, 426, -0.0135005, 576
741, 27.7494, 0.00177696, 0.000499189, -0.0145007, 275, 0.0339933, 426, -0.0135005, 576
742, 27.7511, 0.00177696, 0, -0.0145007, 275, 0.0339933, 426, -0.0135005, 576
743, 27.7539, 0.00277907, 0.0010021, -0.0145007, 275, 0.0339933, 426, -0.0135005, 576
744, 27.7577, 0.00377558, 0.000996515, -0.0145007, 275, 0.0339933, 426, -0.0135005, 576
745, 27.7615, 0.00377744, 1.86265e-06, -0.0145007, 275, 0.0339933, 426, -0.0135005, 576
746, 27.7662, 0.00477768, 0.00100024, -0.0145007, 275, 0.0339933, 426, -0.0135005, 576
747, 27.7715, 0.00527687, 0.000499189, -0.0145007, 275, 0.0339933, 426, -0.0135005, 576
748, 27.7763, 0.00477768, -0.000499189, -0.0145007, 275, 0.0339933, 426, -0.0135005, 576
749, 27.7796, 0.00327826, -0.00149943, -0.0145007, 275, 0.0339933, 426, -0.0135005, 576
