J, Z, Average Z, D Avg Z, Avg D Avg Z, D Avg D Avg Z, Avg DD Avg Z
1,0.0102985, ,,,,
2,0.0102993, ,,,,
3,0.0102652, ,,,,
4,0.0102603, ,,,,
5,0.0102532, ,,,,
6,0.0102456, ,,,,
7,0.0102398, ,,,,
8,0.0102371,0.0102446, ,,,
9,0.0102348,0.0102388,-5.81E-06, ,,
10,0.0102321,0.0102328,-5.96E-06, ,,
11,0.0102293,0.0102291,-3.69E-06, ,,
12,0.0102249,0.0102258,-3.31E-06, ,,
13,0.0102199,0.0102231,-2.78E-06, ,,
14,0.0102159,0.0102209,-2.19E-06, ,,
15,0.0102132,0.0102191,-1.80E-06, ,,
16,0.0102113,0.0102174,-1.71E-06,-2.41E-06,,
17,0.01021,0.0102157,-1.66E-06,-2.08E-06,3.32E-07,
18,0.0102099,0.0102141,-1.57E-06,-1.74E-06,3.42E-07,
19,0.0102107,0.0102126,-1.51E-06,-1.55E-06,1.85E-07,
20,0.0102115,0.0102113,-1.33E-06,-1.40E-06,1.51E-07,
21,0.0102128,0.0102102,-1.10E-06,-1.30E-06,1.02E-07,
22,0.0102127,0.0102093,-9.18E-07,-1.25E-06,4.52E-08,
23,0.0102113,0.0102085,-8.30E-07,-1.25E-06,5.89E-09,
24,0.0102099,0.0102076,-8.30E-07,-1.25E-06,-1.95E-09,8.67E-08
25,0.0102086,0.0102068,-8.30E-07,-1.25E-06,-3.92E-09,6.75E-08
26,0.0102067,0.0102059,-9.18E-07,-1.25E-06,0,4.70E-08
27,0.0102049,0.0102048,-1.04E-06,-1.24E-06,1.38E-08,3.65E-08
28,0.0102035,0.0102036,-1.24E-06,-1.22E-06,2.16E-08,2.72E-08
29,0.0102021,0.0102021,-1.51E-06,-1.19E-06,2.75E-08,2.07E-08
30,0.0102007,0.0102004,-1.71E-06,-1.15E-06,3.73E-08,1.77E-08
31,0.0101989,0.0101986,-1.74E-06,-1.11E-06,4.32E-08,1.64E-08
32,0.0101975,0.0101969,-1.71E-06,-1.07E-06,4.32E-08,1.39E-08
33,0.0101961,0.0101953,-1.57E-06,-1.03E-06,3.54E-08,1.03E-08
34,0.0101952,0.010194,-1.30E-06,-1.00E-06,2.75E-08,5.11E-09
35,0.0101929,0.010193,-1.01E-06,-9.91E-07,1.18E-08,-3.41E-09
36,0.0101902,0.0101924,-6.83E-07,-9.87E-07,3.92E-09,-1.59E-08
37,0.010187,0.010192,-3.58E-07,-9.87E-07,8.28E-12,-3.35E-08
38,0.0101852,0.0101918,-1.82E-07,-1.00E-06,-1.38E-08,-5.71E-08
39,0.0101842,0.0101916,-1.82E-07,-1.04E-06,-3.93E-08,-8.44E-08
40,0.0101851,0.0101913,-3.00E-07,-1.10E-06,-5.70E-08,-1.13E-07
41,0.0101872,0.0101908,-5.06E-07,-1.18E-06,-7.86E-08,-1.40E-07
42,0.0101898,0.01019,-8.59E-07,-1.29E-06,-1.14E-07,-1.67E-07
43,0.0101933,0.0101888,-1.18E-06,-1.45E-06,-1.65E-07,-1.92E-07
44,0.0101967,0.0101873,-1.51E-06,-1.69E-06,-2.38E-07,-2.13E-07
45,0.010198,0.0101854,-1.92E-06,-2.01E-06,-3.16E-07,-2.31E-07
46,0.0101962,0.010183,-2.33E-06,-2.37E-06,-3.65E-07,-2.44E-07
47,0.010193,0.0101805,-2.57E-06,-2.75E-06,-3.79E-07,-2.51E-07
48,0.0101885,0.0101777,-2.75E-06,-3.14E-06,-3.83E-07,-2.55E-07
49,0.0101823,0.0101747,-3.01E-06,-3.51E-06,-3.77E-07,-2.58E-07
50,0.0101751,0.0101712,-3.48E-06,-3.87E-06,-3.52E-07,-2.59E-07
51,0.0101676,0.010167,-4.25E-06,-4.18E-06,-3.18E-07,-2.54E-07
52,0.0101582,0.0101619,-5.10E-06,-4.46E-06,-2.71E-07,-2.41E-07
53,0.0101502,0.0101562,-5.66E-06,-4.66E-06,-2.04E-07,-2.18E-07
54,0.0101457,0.0101503,-5.87E-06,-4.81E-06,-1.47E-07,-1.89E-07
55,0.0101439,0.0101443,-6.05E-06,-4.93E-06,-1.22E-07,-1.58E-07
56,0.010142,0.0101381,-6.16E-06,-5.05E-06,-1.20E-07,-1.26E-07
57,0.0101376,0.010132,-6.14E-06,-5.17E-06,-1.22E-07,-9.35E-08
58,0.0101295,0.010126,-5.96E-06,-5.27E-06,-1.00E-07,-6.09E-08
59,0.0101202,0.0101205,-5.58E-06,-5.31E-06,-4.13E-08,-3.00E-08
60,0.0101131,0.0101155,-4.99E-06,-5.28E-06,3.14E-08,-3.40E-09
61,0.0101081,0.0101109,-4.54E-06,-5.21E-06,7.27E-08,1.64E-08
62,0.0101023,0.0101065,-4.40E-06,-5.13E-06,8.06E-08,3.07E-08
63,0.0100961,0.010102,-4.54E-06,-5.03E-06,9.43E-08,4.34E-08
64,0.0100902,0.0100971,-4.84E-06,-4.92E-06,1.16E-07,5.78E-08
65,0.0100858,0.0100922,-4.99E-06,-4.78E-06,1.38E-07,7.52E-08
66,0.0100839,0.0100873,-4.87E-06,-4.63E-06,1.45E-07,9.31E-08
67,0.0100834,0.0100827,-4.63E-06,-4.51E-06,1.28E-07,1.08E-07
68,0.010082,0.0100781,-4.57E-06,-4.41E-06,9.23E-08,1.18E-07
69,0.0100798,0.0100734,-4.66E-06,-4.35E-06,6.68E-08,1.27E-07
70,0.0100757,0.0100688,-4.63E-06,-4.28E-06,6.88E-08,1.37E-07
71,0.0100695,0.0100644,-4.43E-06,-4.18E-06,9.63E-08,1.49E-07
72,0.0100628,0.0100603,-4.07E-06,-4.04E-06,1.40E-07,1.58E-07
73,0.0100565,0.0100565,-3.78E-06,-3.87E-06,1.69E-07,1.65E-07
74,0.0100507,0.0100529,-3.66E-06,-3.69E-06,1.81E-07,1.70E-07
75,0.0100445,0.0100493,-3.60E-06,-3.51E-06,1.83E-07,1.76E-07
76,0.0100382,0.0100457,-3.54E-06,-3.31E-06,2.02E-07,1.84E-07
77,0.0100328,0.0100424,-3.36E-06,-3.07E-06,2.40E-07,1.93E-07
78,0.0100297,0.0100393,-3.10E-06,-2.80E-06,2.63E-07,2.01E-07
79,0.0100292,0.0100365,-2.75E-06,-2.54E-06,2.63E-07,2.07E-07
80,0.0100291,0.0100341,-2.45E-06,-2.30E-06,2.40E-07,2.10E-07
81,0.010029,0.0100319,-2.16E-06,-2.08E-06,2.20E-07,2.11E-07
82,0.0100294,0.01003,-1.89E-06,-1.87E-06,2.12E-07,2.10E-07
83,0.0100289,0.0100285,-1.54E-06,-1.66E-06,2.08E-07,2.08E-07
84,0.0100293,0.0100274,-1.07E-06,-1.45E-06,2.08E-07,2.03E-07
85,0.0100292,0.0100267,-6.83E-07,-1.26E-06,1.96E-07,1.91E-07
86,0.0100283,0.0100262,-4.76E-07,-1.07E-06,1.87E-07,1.73E-07
87,0.010026,0.0100258,-4.76E-07,-8.93E-07,1.77E-07,1.52E-07
88,0.0100242,0.0100253,-4.76E-07,-7.16E-07,1.77E-07,1.29E-07
89,0.0100223,0.0100248,-4.76E-07,-5.45E-07,1.71E-07,1.05E-07
90,0.0100214,0.0100243,-4.76E-07,-3.90E-07,1.55E-07,7.75E-08
91,0.0100222,0.0100239,-4.17E-07,-2.68E-07,1.22E-07,4.78E-08
92,0.0100226,0.0100235,-4.17E-07,-2.05E-07,6.29E-08,1.56E-08
93,0.0100225,0.0100232,-2.99E-07,-2.03E-07,1.96E-09,-1.73E-08
94,0.010022,0.0100231,-9.33E-08,-2.62E-07,-5.90E-08,-5.10E-08
95,0.010022,0.0100233,2.02E-07,-3.64E-07,-1.02E-07,-8.51E-08
96,0.0100219,0.0100237,4.08E-07,-5.12E-07,-1.47E-07,-1.21E-07
97,0.0100223,0.0100242,4.37E-07,-7.06E-07,-1.95E-07,-1.58E-07
98,0.0100227,0.0100245,2.90E-07,-9.44E-07,-2.38E-07,-1.92E-07
99,0.010023,0.0100243,-1.23E-07,-1.22E-06,-2.75E-07,-2.23E-07
100,0.0100247,0.0100237,-6.53E-07,-1.52E-06,-2.97E-07,-2.48E-07
101,0.0100269,0.0100223,-1.36E-06,-1.83E-06,-3.18E-07,-2.64E-07
102,0.010029,0.0100203,-2.01E-06,-2.17E-06,-3.36E-07,-2.71E-07
103,0.0100303,0.0100176,-2.69E-06,-2.53E-06,-3.62E-07,-2.70E-07
104,0.0100289,0.0100142,-3.39E-06,-2.91E-06,-3.77E-07,-2.61E-07
105,0.0100257,0.0100102,-4.04E-06,-3.28E-06,-3.67E-07,-2.44E-07
106,0.0100204,0.0100056,-4.54E-06,-3.62E-06,-3.44E-07,-2.19E-07
107,0.0100128,0.0100008,-4.87E-06,-3.92E-06,-2.99E-07,-1.88E-07
108,0.0100021,0.0099957,-5.07E-06,-4.16E-06,-2.42E-07,-1.52E-07
109,0.00999189,0.00999056,-5.13E-06,-4.33E-06,-1.65E-07,-1.13E-07
110,0.00998166,0.00998534,-5.22E-06,-4.42E-06,-9.23E-08,-7.39E-08
111,0.00997098,0.00998009,-5.25E-06,-4.43E-06,-1.57E-08,-3.37E-08
112,0.00996164,0.00997502,-5.07E-06,-4.37E-06,6.29E-08,6.42E-09
113,0.0099545,0.00997015,-4.87E-06,-4.23E-06,1.38E-07,4.32E-08
114,0.00995002,0.00996555,-4.60E-06,-4.03E-06,2.00E-07,7.61E-08
115,0.00994862,0.00996127,-4.28E-06,-3.79E-06,2.42E-07,1.04E-07
116,0.00994989,0.00995743,-3.84E-06,-3.53E-06,2.61E-07,1.26E-07
117,0.00995071,0.00995404,-3.39E-06,-3.28E-06,2.51E-07,1.41E-07
118,0.00995153,0.00995112,-2.92E-06,-3.04E-06,2.42E-07,1.49E-07
119,0.00995279,0.00994867,-2.45E-06,-2.81E-06,2.24E-07,1.50E-07
120,0.00995273,0.00994669,-1.98E-06,-2.63E-06,1.85E-07,1.43E-07
121,0.00995134,0.00994515,-1.54E-06,-2.48E-06,1.49E-07,1.29E-07
122,0.00994862,0.00994391,-1.24E-06,-2.36E-06,1.20E-07,1.08E-07
123,0.00994458,0.00994275,-1.15E-06,-2.27E-06,9.24E-08,8.34E-08
124,0.00994098,0.00994139,-1.36E-06,-2.20E-06,6.29E-08,5.63E-08
125,0.00993782,0.0099398,-1.60E-06,-2.18E-06,2.75E-08,3.10E-08
126,0.00993422,0.0099379,-1.89E-06,-2.19E-06,-9.83E-09,8.12E-09
127,0.00993195,0.0099356,-2.30E-06,-2.23E-06,-4.13E-08,-1.11E-08
128,0.00993144,0.00993297,-2.63E-06,-2.30E-06,-7.27E-08,-2.44E-08
129,0.00993138,0.00993017,-2.80E-06,-2.41E-06,-1.06E-07,-3.22E-08
130,0.00993131,0.00992727,-2.89E-06,-2.54E-06,-1.34E-07,-3.64E-08
131,0.00992948,0.00992438,-2.89E-06,-2.68E-06,-1.45E-07,-3.76E-08
132,0.00992676,0.0099214,-2.98E-06,-2.81E-06,-1.28E-07,-3.60E-08
133,0.00992316,0.00991833,-3.07E-06,-2.91E-06,-1.02E-07,-3.05E-08
134,0.00991824,0.00991526,-3.07E-06,-2.98E-06,-6.48E-08,-2.10E-08
135,0.00991331,0.00991219,-3.07E-06,-2.99E-06,-1.38E-08,-8.26E-09
136,0.00990927,0.00990906,-3.13E-06,-2.96E-06,3.14E-08,6.68E-09
137,0.00990523,0.00990582,-3.25E-06,-2.90E-06,5.70E-08,2.29E-08
138,0.00990118,0.00990248,-3.34E-06,-2.83E-06,7.47E-08,3.99E-08
139,0.00989626,0.0098992,-3.28E-06,-2.74E-06,8.65E-08,5.58E-08
140,0.00989177,0.00989607,-3.13E-06,-2.63E-06,1.10E-07,6.69E-08
141,0.00988817,0.00989321,-2.86E-06,-2.50E-06,1.34E-07,7.18E-08
142,0.0098859,0.0098907,-2.51E-06,-2.35E-06,1.49E-07,6.86E-08
143,0.00988451,0.00988854,-2.16E-06,-2.20E-06,1.51E-07,5.61E-08
144,0.00988268,0.00988659,-1.95E-06,-2.06E-06,1.38E-07,3.37E-08
145,0.00988128,0.00988482,-1.77E-06,-1.94E-06,1.22E-07,3.28E-09
146,0.00988034,0.00988323,-1.60E-06,-1.85E-06,9.24E-08,-3.56E-08
147,0.00987983,0.00988189,-1.33E-06,-1.81E-06,3.93E-08,-8.74E-08
148,0.00988021,0.00988083,-1.07E-06,-1.84E-06,-2.95E-08,-1.58E-07
149,0.00988059,0.00988,-8.30E-07,-1.95E-06,-1.12E-07,-2.49E-07
150,0.00988097,0.0098792,-8.00E-07,-2.15E-06,-2.02E-07,-3.65E-07
151,0.00988002,0.00987813,-1.07E-06,-2.46E-06,-3.05E-07,-5.07E-07
152,0.00987863,0.00987671,-1.42E-06,-2.86E-06,-3.99E-07,-6.74E-07
153,0.00987724,0.00987476,-1.95E-06,-3.36E-06,-5.09E-07,-8.68E-07
154,0.00987629,0.00987208,-2.69E-06,-4.05E-06,-6.90E-07,-1.09E-06
155,0.00987578,0.00986851,-3.57E-06,-5.00E-06,-9.47E-07,-1.33E-06
156,0.00987572,0.00986396,-4.54E-06,-6.24E-06,-1.24E-06,-1.59E-06
157,0.00987389,0.00985842,-5.55E-06,-7.83E-06,-1.59E-06,-1.87E-06
158,0.00986852,0.00985169,-6.72E-06,-9.80E-06,-1.98E-06,-2.17E-06
159,0.00986138,0.00984376,-7.93E-06,-1.22E-05,-2.37E-06,-2.48E-06
160,0.00985204,0.00983435,-9.41E-06,-1.50E-05,-2.79E-06,-2.81E-06
161,0.00984004,0.00982241,-1.19E-05,-1.82E-05,-3.22E-06,-3.14E-06
162,0.00982627,0.00980687,-1.55E-05,-2.18E-05,-3.60E-06,-3.47E-06
163,0.00981206,0.00978721,-1.97E-05,-2.57E-05,-3.93E-06,-3.79E-06
164,0.0097974,0.0097626,-2.46E-05,-3.00E-05,-4.30E-06,-4.07E-06
165,0.0097801,0.00973215,-3.05E-05,-3.47E-05,-4.67E-06,-4.32E-06
166,0.00976102,0.00969553,-3.66E-05,-3.97E-05,-5.00E-06,-4.53E-06
167,0.00973753,0.00965232,-4.32E-05,-4.50E-05,-5.30E-06,-4.68E-06
168,0.00969812,0.00960204,-5.03E-05,-5.05E-05,-5.55E-06,-4.77E-06
169,0.00964323,0.00954533,-5.67E-05,-5.62E-05,-5.65E-06,-4.81E-06
170,0.00958083,0.00948275,-6.26E-05,-6.18E-05,-5.62E-06,-4.79E-06
171,0.0095065,0.00941378,-6.90E-05,-6.73E-05,-5.54E-06,-4.72E-06
172,0.00941713,0.00933814,-7.56E-05,-7.27E-05,-5.34E-06,-4.60E-06
173,0.00931937,0.00925641,-8.17E-05,-7.77E-05,-5.00E-06,-4.43E-06
174,0.0092132,0.00916902,-8.74E-05,-8.23E-05,-4.62E-06,-4.20E-06
175,0.00909775,0.00907638,-9.26E-05,-8.65E-05,-4.21E-06,-3.93E-06
176,0.00898937,0.00897976,-9.66E-05,-9.03E-05,-3.74E-06,-3.61E-06
177,0.00888762,0.00887996,-9.98E-05,-9.36E-05,-3.32E-06,-3.28E-06
178,0.00877748,0.00877718,-0.000102778,-9.65E-05,-2.96E-06,-2.92E-06
179,0.00866291,0.00867243,-0.000104753,-9.90E-05,-2.51E-06,-2.56E-06
180,0.00855409,0.00856694,-0.000105489,-0.000101064,-2.02E-06,-2.20E-06
181,0.00845013,0.00846101,-0.000105931,-0.000102656,-1.59E-06,-1.85E-06
182,0.00834795,0.00835461,-0.000106403,-0.000103874,-1.22E-06,-1.52E-06
183,0.00824885,0.00824817,-0.000106433,-0.000104739,-8.65E-07,-1.22E-06
184,0.00814622,0.00814159,-0.00010658,-0.000105328,-5.89E-07,-9.48E-07
185,0.00803917,0.00803466,-0.000106933,-0.000105668,-3.40E-07,-7.00E-07
186,0.00793521,0.00792805,-0.000106609,-0.000105737,-6.88E-08,-4.76E-07
187,0.00783479,0.00782218,-0.000105873,-0.000105609,1.28E-07,-2.88E-07
188,0.00773039,0.00771657,-0.000105607,-0.000105411,1.98E-07,-1.38E-07
189,0.00761715,0.0076109,-0.000105666,-0.000105173,2.38E-07,-1.70E-08
190,0.00750126,0.0075053,-0.000105607,-0.000104853,3.20E-07,8.25E-08
191,0.00739067,0.00739984,-0.00010546,-0.000104471,3.81E-07,1.60E-07
192,0.00728362,0.00729494,-0.0001049,-0.000104077,3.95E-07,2.18E-07
193,0.00717834,0.00719113,-0.000103809,-0.000103686,3.91E-07,2.55E-07
194,0.00707482,0.00708829,-0.000102837,-0.000103363,3.22E-07,2.63E-07
195,0.00696998,0.00698578,-0.000102512,-0.000103135,2.28E-07,2.47E-07
196,0.00686514,0.00688341,-0.000102365,-0.000102911,2.24E-07,2.18E-07
197,0.00676384,0.00678182,-0.000101599,-0.000102636,2.75E-07,1.79E-07
198,0.00666695,0.0066811,-0.000100715,-0.000102342,2.95E-07,1.24E-07
199,0.00657272,0.00658045,-0.000100656,-0.000102061,2.81E-07,5.71E-08
200,0.00648203,0.00647938,-0.000101068,-0.000101848,2.12E-07,-1.02E-08
201,0.00639266,0.0063776,-0.000101776,-0.000101789,5.89E-08,-7.13E-08
202,0.00629711,0.00627515,-0.000102454,-0.000101899,-1.10E-07,-1.19E-07
203,0.00619492,0.0061729,-0.000102247,-0.000102133,-2.34E-07,-1.54E-07
204,0.00609317,0.00607136,-0.00010154,-0.000102485,-3.52E-07,-1.90E-07
205,0.00599054,0.00597017,-0.000101186,-0.000102992,-5.07E-07,-2.35E-07
206,0.00588084,0.00586893,-0.000101245,-0.000103615,-6.23E-07,-2.88E-07
207,0.0057676,0.00576721,-0.000101717,-0.00010423,-6.15E-07,-3.44E-07
208,0.0056517,0.00566429,-0.000102925,-0.000104754,-5.25E-07,-3.95E-07
209,0.00553802,0.0055598,-0.000104487,-0.000105147,-3.93E-07,-4.31E-07
210,0.00543627,0.00545378,-0.00010602,-0.000105444,-2.97E-07,-4.47E-07
211,0.00534204,0.00534614,-0.000107641,-0.000105758,-3.14E-07,-4.44E-07
212,0.00524604,0.00523694,-0.000109203,-0.000106165,-4.07E-07,-4.19E-07
213,0.00514828,0.00512688,-0.000110058,-0.00010666,-4.95E-07,-3.71E-07
214,0.00504697,0.005017,-0.000109881,-0.000107214,-5.54E-07,-3.06E-07
215,0.00493815,0.00490806,-0.000108938,-0.000107774,-5.60E-07,-2.40E-07
216,0.00482535,0.00480039,-0.00010767,-0.000108254,-4.79E-07,-1.85E-07
217,0.00470681,0.00469349,-0.000106904,-0.000108608,-3.54E-07,-1.45E-07
218,0.0045803,0.00458652,-0.000106963,-0.00010879,-1.83E-07,-1.16E-07
219,0.00445513,0.00447888,-0.000107641,-0.000108767,2.36E-08,-8.58E-08
220,0.00433968,0.00437027,-0.000108613,-0.000108553,2.14E-07,-4.51E-08
221,0.00423262,0.00426071,-0.000109557,-0.000108209,3.44E-07,1.06E-08
222,0.00413353,0.0041506,-0.000110117,-0.000107833,3.75E-07,7.96E-08
223,0.00403665,0.00404048,-0.000110117,-0.000107527,3.07E-07,1.55E-07
224,0.00393446,0.00393069,-0.000109792,-0.000107326,2.00E-07,2.25E-07
225,0.00383183,0.00382193,-0.000108761,-0.000107183,1.43E-07,2.84E-07
226,0.00372743,0.00371464,-0.000107287,-0.000107045,1.38E-07,3.24E-07
227,0.00361684,0.00360865,-0.00010599,-0.000106841,2.04E-07,3.44E-07
228,0.00350493,0.00350375,-0.0001049,-0.000106501,3.40E-07,3.46E-07
229,0.00339522,0.0033995,-0.000104251,-0.00010602,4.81E-07,3.34E-07
230,0.0032864,0.00329516,-0.00010434,-0.000105454,5.66E-07,3.16E-07
231,0.00317847,0.00319049,-0.000104664,-0.000104878,5.76E-07,2.99E-07
232,0.0030754,0.00308574,-0.000104752,-0.000104346,5.32E-07,2.90E-07
233,0.002971,0.00298084,-0.0001049,-0.000103923,4.22E-07,2.88E-07
234,0.00286527,0.00287627,-0.000104576,-0.000103609,3.14E-07,2.88E-07
235,0.00276618,0.00277275,-0.000103515,-0.000103361,2.48E-07,2.82E-07
236,0.00266885,0.00267042,-0.000102336,-0.000103192,1.69E-07,2.59E-07
237,0.00256843,0.00256879,-0.000101628,-0.0001031,9.23E-08,2.17E-07
238,0.00246669,0.00246731,-0.000101481,-0.000103043,5.70E-08,1.65E-07
239,0.00236317,0.0023655,-0.000101805,-0.000102974,6.88E-08,1.11E-07
240,0.00225833,0.00226308,-0.000102424,-0.00010287,1.04E-07,6.47E-08
241,0.00215879,0.00216051,-0.000102571,-0.000102727,1.43E-07,3.04E-08
242,0.00206412,0.00205823,-0.000102277,-0.000102605,1.22E-07,4.58E-09
243,0.00196989,0.00195586,-0.000102365,-0.000102609,-3.93E-09,-2.06E-08
244,0.0018708,0.001853,-0.000102866,-0.000102758,-1.49E-07,-4.22E-08
245,0.00176419,0.00174951,-0.000103485,-0.00010298,-2.22E-07,-5.61E-08
246,0.00165139,0.00164588,-0.000103633,-0.000103206,-2.26E-07,-6.31E-08
247,0.00153903,0.00154269,-0.000103191,-0.000103375,-1.69E-07,-6.96E-08
248,0.00143243,0.00143994,-0.000102748,-0.000103467,-9.23E-08,-8.20E-08
249,0.00133112,0.00133719,-0.000102748,-0.00010354,-7.27E-08,-1.01E-07
250,0.0012307,0.00123362,-0.000103574,-0.00010367,-1.30E-07,-1.21E-07
251,0.00112586,0.00112904,-0.000104576,-0.000103825,-1.55E-07,-1.27E-07
252,0.00101615,0.00102408,-0.000104959,-0.000103941,-1.16E-07,-1.14E-07
253,0.000912199,0.000919214,-0.00010487,-0.00010399,-4.91E-08,-9.41E-08
254,0.000815315,0.000814875,-0.00010434,-0.000104018,-2.75E-08,-7.31E-08
255,0.000717107,0.000711065,-0.000103809,-0.0001041,-8.25E-08,-5.92E-08
256,0.000617571,0.000607403,-0.000103662,-0.000104245,-1.45E-07,-5.50E-08
257,0.000510521,0.000503181,-0.000104222,-0.00010442,-1.75E-07,-5.38E-08
258,0.000401258,0.000398488,-0.000104694,-0.000104507,-8.65E-08,-4.45E-08
259,0.000296418,0.000293883,-0.000104605,-0.000104473,3.34E-08,-3.07E-08
260,0.000191135,0.000189661,-0.000104222,-0.000104391,8.25E-08,-2.11E-08
261,8.63E-05,8.56E-05,-0.000104045,-0.000104303,8.84E-08,-1.91E-08
262,-1.81E-05,-1.88E-05,-0.000104428,-0.000104263,3.93E-08,-2.11E-08
263,-0.000122502,-0.000123742,-0.000104929,-0.000104293,-2.95E-08,-1.70E-08
264,-0.000232209,-0.000229113,-0.000105371,-0.000104348,-5.50E-08,-4.07E-09
265,-0.000339702,-0.000333983,-0.00010487,-0.000104338,9.83E-09,1.45E-08
266,-0.000443218,-0.000438058,-0.000104075,-0.000104285,5.31E-08,2.48E-08
267,-0.000547174,-0.000541779,-0.000103721,-0.000104257,2.75E-08,2.19E-08
268,-0.000648476,-0.000645323,-0.000103544,-0.000104277,-1.96E-08,1.26E-08
269,-0.000751104,-0.000749074,-0.00010375,-0.000104334,-5.70E-08,1.96E-09
270,-0.000856832,-0.000853325,-0.000104252,-0.000104356,-2.16E-08,-2.75E-09
271,-0.000962999,-0.000957813,-0.000104487,-0.000104307,4.91E-08,1.70E-09
272,-0.00106253,-0.00106189,-0.000104075,-0.000104202,1.04E-07,9.04E-09
273,-0.00115986,-0.00116579,-0.000103898,-0.000104136,6.68E-08,8.52E-09
274,-0.0012594,-0.00126998,-0.000104193,-0.000104145,-9.81E-09,3.41E-09
275,-0.00136203,-0.00137449,-0.000104517,-0.000104202,-5.70E-08,2.49E-09
276,-0.00146996,-0.00147939,-0.0001049,-0.000104273,-7.07E-08,9.17E-09
277,-0.00158188,-0.00158415,-0.000104753,-0.000104304,-3.14E-08,2.31E-08
278,-0.00168981,-0.00168834,-0.000104193,-0.000104267,3.74E-08,3.46E-08
279,-0.00179333,-0.00179215,-0.000103809,-0.000104212,5.50E-08,3.81E-08
280,-0.00189817,-0.00189602,-0.000103868,-0.00010421,1.96E-09,3.62E-08
281,-0.00200611,-0.00200024,-0.000104222,-0.000104234,-2.36E-08,3.58E-08
282,-0.00211492,-0.00210481,-0.000104575,-0.00010422,1.38E-08,3.97E-08
283,-0.00222197,-0.00220942,-0.000104605,-0.000104139,8.06E-08,4.60E-08
284,-0.00232239,-0.00231364,-0.000104222,-0.000103988,1.51E-07,5.14E-08
285,-0.00241972,-0.00241733,-0.000103691,-0.000103837,1.51E-07,5.07E-08
286,-0.00252014,-0.00252099,-0.000103662,-0.000103735,1.02E-07,4.18E-08
287,-0.00262056,-0.00262504,-0.000104045,-0.00010366,7.47E-08,3.22E-08
288,-0.00272319,-0.00272929,-0.000104251,-0.000103599,6.09E-08,3.08E-08
289,-0.00282803,-0.00283328,-0.000103986,-0.00010355,4.91E-08,3.51E-08
290,-0.0029311,-0.00293658,-0.000103308,-0.000103513,3.73E-08,3.75E-08
291,-0.00303329,-0.00303922,-0.000102631,-0.000103503,9.83E-09,3.24E-08
292,-0.00313725,-0.0031417,-0.000102483,-0.000103544,-4.13E-08,1.78E-08
293,-0.00324474,-0.00324436,-0.00010266,-0.00010364,-9.63E-08,1.05E-09
294,-0.003354,-0.00334705,-0.000102689,-0.000103729,-8.84E-08,-2.28E-08
295,-0.00346194,-0.00345,-0.000102955,-0.000103748,-1.96E-08,-7.05E-08
296,-0.0035659,-0.00355349,-0.000103485,-0.000103707,4.13E-08,-1.43E-07
297,-0.00366455,-0.0036575,-0.000104016,-0.000103658,4.91E-08,-2.34E-07
298,-0.00376143,-0.00376196,-0.000104458,-0.000103654,3.93E-09,-3.36E-07
299,-0.00385964,-0.0038668,-0.000104841,-0.000103721,-6.68E-08,-4.36E-07
300,-0.00395961,-0.00397194,-0.000105136,-0.000103821,-1.00E-07,-5.10E-07
301,-0.00406048,-0.00407693,-0.000104988,-0.000104077,-2.55E-07,-5.43E-07
302,-0.00416488,-0.00418127,-0.00010434,-0.000104717,-6.41E-07,-5.22E-07
303,-0.00427547,-0.0042849,-0.000103633,-0.000105751,-1.03E-06,-4.31E-07
304,-0.00438827,-0.00438815,-0.000103249,-0.000107059,-1.31E-06,-2.59E-07
305,-0.00449797,-0.0044914,-0.000103249,-0.000108554,-1.50E-06,1.57E-09
306,-0.0046059,-0.00459503,-0.000103632,-0.000110042,-1.49E-06,3.60E-07
307,-0.00471428,-0.00469901,-0.000103986,-0.000111195,-1.15E-06,8.13E-07
308,-0.00481956,-0.00480551,-0.000106492,-0.000111791,-5.95E-07,1.34E-06
309,-0.0049191,-0.0049178,-0.000112298,-0.000111561,2.30E-07,1.97E-06
310,-0.00501643,-0.00503626,-0.000118457,-0.000110207,1.35E-06,2.74E-06
311,-0.00511464,-0.00515938,-0.000123114,-0.000107594,2.61E-06,3.64E-06
312,-0.00521328,-0.00528582,-0.000126445,-0.000103634,3.96E-06,4.66E-06
313,-0.00531592,-0.00541259,-0.000126769,-9.83E-05,5.38E-06,5.79E-06
314,-0.00541943,-0.00553473,-0.000122142,-9.15E-05,6.73E-06,6.97E-06
315,-0.00555699,-0.0056488,-0.000114066,-8.37E-05,7.87E-06,8.16E-06
316,-0.00574495,-0.00575034,-0.00010154,-7.45E-05,9.16E-06,9.29E-06
317,-0.00594174,-0.00583437,-8.40E-05,-6.37E-05,1.08E-05,1.03E-05
318,-0.00612218,-0.0058988,-6.44E-05,-5.11E-05,1.25E-05,1.12E-05
319,-0.00628494,-0.00594266,-4.39E-05,-3.71E-05,1.40E-05,1.18E-05
320,-0.0063995,-0.00596527,-2.26E-05,-2.17E-05,1.54E-05,1.23E-05
321,-0.00643803,-0.00596793,-2.66E-06,-5.42E-06,1.63E-05,1.25E-05
322,-0.00642527,-0.00595394,1.40E-05,1.12E-05,1.66E-05,1.25E-05
323,-0.00634266,-0.00592302,3.09E-05,2.75E-05,1.64E-05,1.23E-05
324,-0.00617959,-0.00587281,5.02E-05,4.31E-05,1.56E-05,1.20E-05
325,-0.00598292,-0.00580334,6.95E-05,5.72E-05,1.41E-05,1.15E-05
326,-0.00577255,-0.0057159,8.74E-05,6.96E-05,1.24E-05,1.07E-05
327,-0.00555245,-0.00561172,0.000104183,8.02E-05,1.05E-05,9.82E-06
328,-0.00535578,-0.00549392,0.0001178,8.87E-05,8.57E-06,8.75E-06
329,-0.00520951,-0.00536742,0.000126494,9.55E-05,6.80E-06,7.56E-06
330,-0.0050933,-0.00523568,0.00013174,0.000100972,5.45E-06,6.32E-06
331,-0.00499168,-0.00510338,0.0001323,0.000105195,4.22E-06,5.06E-06
332,-0.00489979,-0.00497562,0.000127762,0.000108103,2.91E-06,3.86E-06
333,-0.00481055,-0.00485431,0.000121307,0.000109746,1.64E-06,2.77E-06
334,-0.00472219,-0.00474038,0.000113939,0.000110211,4.66E-07,1.83E-06
335,-0.00463251,-0.00463448,0.000105893,0.000109577,-6.35E-07,1.04E-06
336,-0.00454061,-0.00453516,9.93E-05,0.000108038,-1.54E-06,4.11E-07
337,-0.00444917,-0.00443935,9.58E-05,0.000105916,-2.12E-06,-6.88E-08
338,-0.00435816,-0.0043451,9.43E-05,0.00010346,-2.46E-06,-4.44E-07
339,-0.00426317,-0.00425126,9.38E-05,0.000100988,-2.47E-06,-7.30E-07
340,-0.00416332,-0.00415716,9.41E-05,9.88E-05,-2.18E-06,-9.28E-07
341,-0.00406347,-0.00406273,9.44E-05,9.70E-05,-1.78E-06,-1.04E-06
342,-0.00396406,-0.00396807,9.47E-05,9.57E-05,-1.33E-06,-1.08E-06
343,-0.00386598,-0.00387335,9.47E-05,9.49E-05,-8.15E-07,-1.05E-06
344,-0.00377232,-0.00377868,9.47E-05,9.45E-05,-3.99E-07,-9.56E-07
345,-0.00367954,-0.00368378,9.49E-05,9.43E-05,-1.69E-07,-8.21E-07
346,-0.00358411,-0.00358856,9.52E-05,9.42E-05,-7.27E-08,-6.64E-07
347,-0.00348824,-0.00349345,9.51E-05,9.42E-05,-6.68E-08,-5.08E-07
348,-0.00339413,-0.00339891,9.45E-05,9.41E-05,-9.63E-08,-3.70E-07
349,-0.00330224,-0.00330486,9.40E-05,9.40E-05,-1.22E-07,-2.57E-07
350,-0.00321168,-0.0032112,9.37E-05,9.38E-05,-1.36E-07,-1.72E-07
351,-0.00312067,-0.00311787,9.33E-05,9.37E-05,-1.26E-07,-1.20E-07
352,-0.00302568,-0.00302459,9.33E-05,9.36E-05,-9.82E-08,-9.46E-08
353,-0.00292981,-0.00293143,9.32E-05,9.35E-05,-1.06E-07,-8.59E-08
354,-0.00283659,-0.00283859,9.28E-05,9.34E-05,-1.24E-07,-8.37E-08
355,-0.00274514,-0.00274593,9.27E-05,9.33E-05,-1.12E-07,-8.07E-08
356,-0.0026528,-0.00265333,9.26E-05,9.32E-05,-8.06E-08,-7.58E-08
357,-0.00255914,-0.0025607,9.26E-05,9.31E-05,-5.50E-08,-6.88E-08
358,-0.00246592,-0.00246787,9.28E-05,9.31E-05,-3.34E-08,-5.92E-08
359,-0.00237315,-0.00237468,9.32E-05,9.31E-05,-2.16E-08,-5.04E-08
360,-0.00228214,-0.00228137,9.33E-05,9.30E-05,-3.93E-08,-4.48E-08
361,-0.00219157,-0.00218801,9.34E-05,9.30E-05,-3.93E-08,-3.82E-08
362,-0.00209835,-0.00209458,9.34E-05,9.30E-05,-2.16E-08,-3.13E-08
363,-0.00200514,-0.00200124,9.33E-05,9.29E-05,-2.36E-08,-2.57E-08
364,-0.0019128,-0.00190802,9.32E-05,9.29E-05,-1.57E-08,-2.00E-08
365,-0.00181914,-0.00181486,9.32E-05,9.29E-05,7.86E-09,-1.52E-08
366,-0.00172282,-0.00172185,9.30E-05,9.29E-05,5.91E-09,-1.36E-08
367,-0.00162607,-0.00162916,9.27E-05,9.29E-05,-1.37E-08,-1.39E-08
368,-0.00152931,-0.00153659,9.26E-05,9.29E-05,-7.86E-09,-1.15E-08
369,-0.00143521,-0.00144408,9.25E-05,9.29E-05,-1.97E-08,-9.69E-09
370,-0.00134508,-0.00135177,9.23E-05,9.29E-05,-2.75E-08,-9.56E-09
371,-0.00125452,-0.00125941,9.24E-05,9.29E-05,3.95E-09,-9.04E-09
372,-0.00116174,-0.00116666,9.27E-05,9.29E-05,1.77E-08,-1.17E-08
373,-0.00107073,-0.00107374,9.29E-05,9.29E-05,-9.83E-09,-2.03E-08
374,-0.000982817,-0.000980755,9.30E-05,9.29E-05,-2.56E-08,-3.09E-08
375,-0.000893578,-0.000887566,9.32E-05,9.29E-05,-3.95E-09,-4.19E-08
376,-0.000803895,-0.000794494,9.31E-05,9.28E-05,-1.18E-08,-5.67E-08
377,-0.000713771,-0.000701482,9.30E-05,9.28E-05,-1.97E-08,-7.13E-08
378,-0.00061967,-0.000608086,9.34E-05,9.28E-05,-1.57E-08,-8.48E-08
379,-0.000521587,-0.000514601,9.35E-05,9.28E-05,-5.50E-08,-1.03E-07
380,-0.000425274,-0.000421588,9.30E-05,9.26E-05,-1.22E-07,-1.22E-07
381,-0.000328073,-0.000328959,9.26E-05,9.25E-05,-1.53E-07,-1.36E-07
382,-0.000228226,-0.00023633,9.26E-05,9.23E-05,-1.79E-07,-1.45E-07
383,-0.000133237,-0.000143936,9.24E-05,9.21E-05,-2.30E-07,-1.56E-07
384,-4.00E-05,-5.17E-05,9.22E-05,9.18E-05,-2.38E-07,-1.63E-07
385,5.59E-05,4.04E-05,9.21E-05,9.16E-05,-2.30E-07,-1.68E-07
386,0.000147747,0.00013189,9.15E-05,9.13E-05,-2.65E-07,-1.72E-07
387,0.000233451,0.00022281,9.09E-05,9.11E-05,-2.69E-07,-1.71E-07
388,0.00031871,0.000313435,9.06E-05,9.09E-05,-2.16E-07,-1.62E-07
389,0.000406625,0.000403736,9.03E-05,9.07E-05,-1.69E-07,-1.50E-07
390,0.000492327,0.000493478,8.97E-05,9.05E-05,-1.61E-07,-1.35E-07
391,0.000579357,0.000582983,8.95E-05,9.04E-05,-1.24E-07,-1.13E-07
392,0.00066727,0.000672547,8.96E-05,9.03E-05,-9.23E-08,-8.99E-08
393,0.000753418,0.000761964,8.94E-05,9.02E-05,-8.05E-08,-6.79E-08
394,0.000842215,0.000851411,8.94E-05,9.02E-05,-3.93E-08,-4.22E-08
395,0.000934109,0.000941181,8.98E-05,9.02E-05,9.82E-09,-1.49E-08
396,0.00102644,0.00103128,9.01E-05,9.02E-05,2.95E-08,8.78E-09
397,0.00111789,0.00112149,9.02E-05,9.03E-05,5.11E-08,2.96E-08
398,0.00120934,0.00121203,9.05E-05,9.04E-05,9.63E-08,5.12E-08
399,0.00130345,0.00130286,9.08E-05,9.05E-05,1.12E-07,7.02E-08
400,0.00139711,0.00139372,9.09E-05,9.06E-05,1.00E-07,8.65E-08
401,0.00148944,0.00148467,9.09E-05,9.07E-05,1.20E-07,1.03E-07
402,0.00158001,0.00157574,9.11E-05,9.08E-05,1.40E-07,1.20E-07
403,0.00167013,0.0016668,9.11E-05,9.10E-05,1.40E-07,1.34E-07
404,0.00175982,0.00175787,9.11E-05,9.11E-05,1.43E-07,1.47E-07
405,0.00185038,0.00184906,9.12E-05,9.13E-05,1.63E-07,1.58E-07
406,0.00194183,0.00194024,9.12E-05,9.15E-05,1.61E-07,1.66E-07
407,0.00203019,0.00203131,9.11E-05,9.16E-05,1.51E-07,1.74E-07
408,0.00211766,0.00212252,9.12E-05,9.18E-05,1.75E-07,1.83E-07
409,0.00220823,0.00221406,9.15E-05,9.20E-05,2.06E-07,1.90E-07
410,0.00230012,0.00230593,9.19E-05,9.22E-05,2.20E-07,1.94E-07
411,0.00239245,0.00239817,9.22E-05,9.24E-05,2.22E-07,1.97E-07
412,0.00248567,0.00249083,9.27E-05,9.26E-05,2.22E-07,1.97E-07
413,0.00257712,0.00258379,9.30E-05,9.29E-05,2.16E-07,1.92E-07
414,0.00266946,0.00267689,9.31E-05,9.31E-05,2.28E-07,1.84E-07
415,0.00276533,0.00277037,9.35E-05,9.33E-05,2.40E-07,1.73E-07
416,0.00286253,0.00286442,9.40E-05,9.36E-05,2.28E-07,1.58E-07
417,0.00295796,0.00295878,9.44E-05,9.38E-05,2.00E-07,1.35E-07
418,0.00305383,0.00305318,9.44E-05,9.39E-05,1.75E-07,1.07E-07
419,0.0031497,0.00314758,9.44E-05,9.41E-05,1.43E-07,7.75E-08
420,0.00324469,0.00324201,9.44E-05,9.42E-05,9.04E-08,4.90E-08
421,0.00333835,0.00333661,9.46E-05,9.42E-05,3.54E-08,2.27E-08
422,0.00343245,0.00343127,9.47E-05,9.42E-05,-5.89E-09,-3.40E-09
423,0.00352832,0.00352591,9.46E-05,9.41E-05,-5.70E-08,-2.80E-08
424,0.00362375,0.00362045,9.45E-05,9.40E-05,-1.32E-07,-4.96E-08
425,0.00371609,0.00371494,9.45E-05,9.38E-05,-2.00E-07,-6.82E-08
426,0.00380842,0.00380934,9.44E-05,9.36E-05,-2.20E-07,-8.53E-08
427,0.00390209,0.00390335,9.40E-05,9.34E-05,-2.06E-07,-1.02E-07
428,0.00399619,0.00399684,9.35E-05,9.32E-05,-1.79E-07,-1.15E-07
429,0.00408941,0.00408985,9.30E-05,9.30E-05,-1.63E-07,-1.22E-07
430,0.00418484,0.00418248,9.26E-05,9.29E-05,-1.30E-07,-1.20E-07
431,0.00428071,0.00427455,9.21E-05,9.28E-05,-9.63E-08,-1.12E-07
432,0.00437525,0.00436591,9.14E-05,9.27E-05,-7.86E-08,-9.55E-08
433,0.0044698,0.00445701,9.11E-05,9.27E-05,-8.06E-08,-6.88E-08
434,0.00455992,0.00454831,9.13E-05,9.25E-05,-1.08E-07,-3.73E-08
435,0.00464696,0.00464006,9.17E-05,9.24E-05,-1.08E-07,-6.03E-09
436,0.00473354,0.00473221,9.22E-05,9.24E-05,-5.90E-08,2.11E-08
437,0.0048219,0.00482493,9.27E-05,9.24E-05,1.18E-08,4.24E-08
438,0.00490937,0.00491812,9.32E-05,9.25E-05,6.29E-08,5.45E-08
439,0.00499419,0.00501149,9.34E-05,9.26E-05,1.22E-07,5.79E-08
440,0.00508254,0.00510477,9.33E-05,9.28E-05,2.00E-07,5.54E-08
441,0.00517797,0.00519754,9.28E-05,9.30E-05,2.52E-07,5.15E-08
442,0.00527827,0.00528994,9.24E-05,9.33E-05,2.63E-07,5.27E-08
443,0.00537856,0.00538254,9.26E-05,9.35E-05,2.28E-07,5.75E-08
444,0.00548018,0.00547573,9.32E-05,9.37E-05,1.57E-07,5.84E-08
445,0.00558268,0.0055693,9.36E-05,9.37E-05,5.11E-08,5.08E-08
446,0.00568121,0.0056632,9.39E-05,9.37E-05,-4.52E-08,3.80E-08
447,0.00577442,0.00575756,9.44E-05,9.36E-05,-1.16E-07,2.10E-08
448,0.00586145,0.00585243,9.49E-05,9.34E-05,-1.40E-07,-2.22E-09
449,0.00594583,0.00594769,9.53E-05,9.33E-05,-9.04E-08,-3.17E-08
450,0.00603595,0.00604285,9.52E-05,9.33E-05,-3.54E-08,-6.69E-08
451,0.00613138,0.00613737,9.45E-05,9.33E-05,-4.52E-08,-1.02E-07
452,0.00622549,0.00623085,9.35E-05,9.32E-05,-1.02E-07,-1.29E-07
453,0.00631782,0.00632336,9.25E-05,9.30E-05,-1.30E-07,-1.41E-07
454,0.00640971,0.00641499,9.16E-05,9.29E-05,-1.34E-07,-1.42E-07
455,0.00650559,0.00650618,9.12E-05,9.27E-05,-1.47E-07,-1.35E-07
456,0.00660677,0.0065976,9.14E-05,9.26E-05,-1.91E-07,-1.24E-07
457,0.00670573,0.00668946,9.19E-05,9.23E-05,-2.65E-07,-1.18E-07
458,0.0067963,0.00678138,9.19E-05,9.20E-05,-2.99E-07,-1.19E-07
459,0.00688244,0.00687304,9.17E-05,9.17E-05,-2.40E-07,-1.23E-07
460,0.00697036,0.00696467,9.16E-05,9.16E-05,-1.36E-07,-1.24E-07
461,0.00705562,0.00705656,9.19E-05,9.15E-05,-6.68E-08,-1.27E-07
462,0.0071422,0.00714872,9.22E-05,9.15E-05,-5.89E-09,-1.36E-07
463,0.00723277,0.00724073,9.20E-05,9.16E-05,2.95E-08,-1.54E-07
464,0.00732378,0.007332,9.13E-05,9.16E-05,-8.28E-12,-1.75E-07
465,0.00741479,0.00742269,9.07E-05,9.15E-05,-5.90E-08,-1.97E-07
466,0.00750624,0.00751361,9.09E-05,9.14E-05,-9.63E-08,-2.24E-07
467,0.0075999,0.00760506,9.15E-05,9.13E-05,-1.18E-07,-2.71E-07
468,0.00769621,0.00769657,9.15E-05,9.11E-05,-1.75E-07,-3.46E-07
469,0.00779209,0.00778811,9.15E-05,9.08E-05,-2.79E-07,-4.45E-07
470,0.00788574,0.00787973,9.16E-05,9.04E-05,-4.03E-07,-5.69E-07
471,0.00797587,0.00797115,9.14E-05,8.99E-05,-5.15E-07,-7.19E-07
472,0.00806599,0.00806213,9.10E-05,8.93E-05,-5.91E-07,-8.91E-07
473,0.0081601,0.00815261,9.05E-05,8.86E-05,-7.05E-07,-1.08E-06
474,0.0082542,0.0082425,8.99E-05,8.77E-05,-9.43E-07,-1.29E-06
475,0.008343,0.0083315,8.90E-05,8.64E-05,-1.26E-06,-1.53E-06
476,0.0084287,0.00841921,8.77E-05,8.49E-05,-1.55E-06,-1.78E-06
477,0.00851662,0.00850533,8.61E-05,8.30E-05,-1.86E-06,-2.04E-06
478,0.00860409,0.00858962,8.43E-05,8.08E-05,-2.22E-06,-2.31E-06
479,0.00868846,0.00867202,8.24E-05,7.82E-05,-2.59E-06,-2.58E-06
480,0.00877196,0.00875212,8.01E-05,7.53E-05,-2.93E-06,-2.86E-06
481,0.00885457,0.0088289,7.68E-05,7.20E-05,-3.27E-06,-3.13E-06
482,0.00893497,0.00890145,7.26E-05,6.84E-05,-3.61E-06,-3.39E-06
483,0.00901183,0.00896965,6.82E-05,6.45E-05,-3.92E-06,-3.62E-06
484,0.00908382,0.00903328,6.36E-05,6.03E-05,-4.20E-06,-3.81E-06
485,0.00915007,0.00909157,5.83E-05,5.58E-05,-4.42E-06,-3.97E-06
486,0.00921191,0.00914421,5.26E-05,5.12E-05,-4.60E-06,-4.09E-06
487,0.00926755,0.00919124,4.70E-05,4.65E-05,-4.75E-06,-4.15E-06
488,0.00931169,0.00923262,4.14E-05,4.17E-05,-4.84E-06,-4.17E-06
489,0.00934258,0.0092683,3.57E-05,3.68E-05,-4.82E-06,-4.14E-06
490,0.00936594,0.00929845,3.01E-05,3.22E-05,-4.67E-06,-4.07E-06
491,0.00938312,0.0093232,2.48E-05,2.77E-05,-4.49E-06,-3.95E-06
492,0.00939102,0.009343,1.98E-05,2.34E-05,-4.26E-06,-3.78E-06
493,0.0093936,0.00935835,1.54E-05,1.95E-05,-3.94E-06,-3.58E-06
494,0.00939398,0.00936958,1.12E-05,1.59E-05,-3.58E-06,-3.35E-06
495,0.00939259,0.00937703,7.45E-06,1.27E-05,-3.22E-06,-3.09E-06
496,0.00938988,0.00938151,4.48E-06,9.83E-06,-2.85E-06,-2.81E-06
497,0.00938716,0.00938395,2.44E-06,7.36E-06,-2.47E-06,-2.51E-06
498,0.00938312,0.00938486,9.09E-07,5.24E-06,-2.11E-06,-2.21E-06
499,0.00938084,0.00938462,-2.41E-07,3.49E-06,-1.75E-06,-1.92E-06
500,0.00938034,0.00938379,-8.30E-07,2.08E-06,-1.42E-06,-1.64E-06
501,0.00938028,0.00938269,-1.10E-06,9.58E-07,-1.12E-06,-1.38E-06
502,0.00937933,0.00938142,-1.27E-06,1.17E-07,-8.41E-07,-1.14E-06
503,0.00937882,0.00938006,-1.36E-06,-4.63E-07,-5.80E-07,-9.27E-07
504,0.0093792,0.00937864,-1.42E-06,-8.32E-07,-3.69E-07,-7.39E-07
505,0.00937958,0.0093771,-1.54E-06,-1.06E-06,-2.24E-07,-5.78E-07
506,0.00937951,0.00937559,-1.51E-06,-1.17E-06,-1.12E-07,-4.42E-07
507,0.00937857,0.00937415,-1.45E-06,-1.20E-06,-3.34E-08,-3.32E-07
508,0.00937718,0.00937273,-1.42E-06,-1.21E-06,-3.92E-09,-2.49E-07
509,0.0093749,0.00937134,-1.39E-06,-1.21E-06,-5.89E-09,-1.88E-07
510,0.00937218,0.00937009,-1.24E-06,-1.23E-06,-1.77E-08,-1.49E-07
511,0.00936859,0.00936903,-1.07E-06,-1.26E-06,-3.14E-08,-1.31E-07
512,0.0093641,0.00936811,-9.18E-07,-1.31E-06,-5.11E-08,-1.31E-07
513,0.0093605,0.00936734,-7.71E-07,-1.38E-06,-6.88E-08,-1.43E-07
514,0.00935911,0.0093666,-7.41E-07,-1.49E-06,-1.10E-07,-1.66E-07
515,0.00935905,0.00936571,-8.89E-07,-1.66E-06,-1.65E-07,-1.95E-07
516,0.00935942,0.00936452,-1.18E-06,-1.87E-06,-2.14E-07,-2.25E-07
517,0.00936069,0.00936299,-1.54E-06,-2.12E-06,-2.55E-07,-2.51E-07
518,0.00936283,0.00936115,-1.83E-06,-2.43E-06,-3.07E-07,-2.72E-07
519,0.00936542,0.00935897,-2.19E-06,-2.79E-06,-3.62E-07,-2.87E-07
520,0.00936801,0.0093564,-2.57E-06,-3.21E-06,-4.13E-07,-2.97E-07
521,0.00936839,0.00935324,-3.16E-06,-3.66E-06,-4.52E-07,-3.00E-07
522,0.00936523,0.00934932,-3.92E-06,-4.13E-06,-4.68E-07,-2.92E-07
523,0.00935942,0.00934469,-4.63E-06,-4.58E-06,-4.50E-07,-2.73E-07
524,0.00935184,0.00933946,-5.22E-06,-4.97E-06,-3.99E-07,-2.44E-07
525,0.00934471,0.00933362,-5.84E-06,-5.30E-06,-3.28E-07,-2.08E-07
526,0.0093358,0.00932713,-6.49E-06,-5.57E-06,-2.67E-07,-1.65E-07
527,0.00932557,0.00932003,-7.11E-06,-5.76E-06,-1.95E-07,-1.13E-07
528,0.00931313,0.00931248,-7.55E-06,-5.87E-06,-1.10E-07,-5.48E-08
529,0.00930024,0.00930472,-7.76E-06,-5.88E-06,-1.97E-09,8.38E-09
530,0.00928957,0.00929708,-7.64E-06,-5.76E-06,1.20E-07,7.31E-08
531,0.0092811,0.00928992,-7.17E-06,-5.54E-06,2.20E-07,1.36E-07
532,0.00927308,0.00928346,-6.46E-06,-5.25E-06,2.87E-07,1.92E-07
533,0.0092655,0.00927762,-5.84E-06,-4.90E-06,3.48E-07,2.39E-07
534,0.00925881,0.00927251,-5.10E-06,-4.49E-06,4.09E-07,2.79E-07
535,0.00925476,0.00926829,-4.22E-06,-4.03E-06,4.66E-07,3.11E-07
536,0.00925205,0.00926511,-3.19E-06,-3.53E-06,4.95E-07,3.32E-07
537,0.00925066,0.00926298,-2.13E-06,-3.03E-06,5.03E-07,3.41E-07
538,0.00925192,0.00926165,-1.33E-06,-2.54E-06,4.87E-07,3.35E-07
539,0.00925495,0.00926073,-9.18E-07,-2.10E-06,4.44E-07,3.19E-07
540,0.0092571,0.00926011,-6.24E-07,-1.71E-06,3.83E-07,2.97E-07
541,0.00925924,0.00925975,-3.58E-07,-1.38E-06,3.36E-07,2.71E-07
542,0.00926228,0.00925962,-1.23E-07,-1.10E-06,2.79E-07,2.40E-07
543,0.00926531,0.0092595,-1.23E-07,-8.91E-07,2.08E-07,2.06E-07
544,0.00926834,0.00925929,-2.11E-07,-7.65E-07,1.26E-07,1.70E-07
545,0.0092696,0.00925896,-3.29E-07,-7.30E-07,3.54E-08,1.35E-07
546,0.00926733,0.00925846,-5.06E-07,-7.57E-07,-2.75E-08,1.03E-07
547,0.00926373,0.00925774,-7.12E-07,-7.99E-07,-4.13E-08,7.36E-08
548,0.00926013,0.00925694,-8.00E-07,-8.40E-07,-4.13E-08,4.82E-08
549,0.00925697,0.00925603,-9.18E-07,-8.87E-07,-4.71E-08,2.42E-08
550,0.00925293,0.00925493,-1.10E-06,-9.42E-07,-5.50E-08,2.49E-09
551,0.00924888,0.00925363,-1.30E-06,-9.83E-07,-4.13E-08,-1.60E-08
552,0.00924573,0.00925203,-1.60E-06,-1.00E-06,-1.96E-08,-3.12E-08
553,0.00924434,0.00925029,-1.74E-06,-1.00E-06,1.96E-09,-4.20E-08
554,0.00924427,0.00924875,-1.54E-06,-9.93E-07,7.86E-09,-5.10E-08
555,0.00924509,0.00924751,-1.24E-06,-9.91E-07,1.97E-09,-6.27E-08
556,0.00924547,0.00924644,-1.07E-06,-1.01E-06,-2.36E-08,-7.87E-08
557,0.00924585,0.0092455,-9.48E-07,-1.06E-06,-4.72E-08,-9.72E-08
558,0.00924578,0.00924475,-7.42E-07,-1.13E-06,-6.88E-08,-1.18E-07
559,0.0092444,0.00924425,-5.06E-07,-1.23E-06,-1.02E-07,-1.42E-07
560,0.00924345,0.00924395,-2.99E-07,-1.36E-06,-1.28E-07,-1.71E-07
561,0.00924427,0.00924356,-3.88E-07,-1.52E-06,-1.61E-07,-2.04E-07
562,0.00924509,0.00924288,-6.82E-07,-1.74E-06,-2.18E-07,-2.38E-07
563,0.00924414,0.00924172,-1.15E-06,-2.02E-06,-2.81E-07,-2.71E-07
564,0.00924275,0.0092401,-1.63E-06,-2.34E-06,-3.24E-07,-3.01E-07
565,0.0092418,0.00923797,-2.13E-06,-2.71E-06,-3.64E-07,-3.26E-07
566,0.0092413,0.00923514,-2.83E-06,-3.12E-06,-4.11E-07,-3.47E-07
567,0.00924123,0.00923163,-3.51E-06,-3.57E-06,-4.50E-07,-3.60E-07
568,0.00923852,0.00922746,-4.16E-06,-4.06E-06,-4.89E-07,-3.65E-07
569,0.00923403,0.00922266,-4.81E-06,-4.56E-06,-5.05E-07,-3.63E-07
570,0.00922778,0.0092172,-5.46E-06,-5.06E-06,-4.97E-07,-3.51E-07
571,0.00922108,0.00921127,-5.93E-06,-5.53E-06,-4.68E-07,-3.30E-07
572,0.00921395,0.00920487,-6.40E-06,-5.96E-06,-4.30E-07,-3.01E-07
573,0.00920327,0.00919797,-6.90E-06,-6.34E-06,-3.79E-07,-2.64E-07
574,0.00919171,0.00919071,-7.26E-06,-6.63E-06,-2.93E-07,-2.18E-07
575,0.00918104,0.00918307,-7.64E-06,-6.84E-06,-2.06E-07,-1.66E-07
576,0.00917214,0.00917511,-7.96E-06,-6.96E-06,-1.26E-07,-1.06E-07
577,0.00916323,0.00916697,-8.14E-06,-7.01E-06,-4.72E-08,-4.02E-08
578,0.00915521,0.0091588,-8.17E-06,-6.97E-06,3.54E-08,2.84E-08
579,0.00914674,0.00915072,-8.08E-06,-6.86E-06,1.12E-07,9.72E-08
580,0.00913828,0.00914291,-7.82E-06,-6.67E-06,1.93E-07,1.64E-07
581,0.00913247,0.00913568,-7.23E-06,-6.39E-06,2.75E-07,2.26E-07
582,0.00912666,0.00912908,-6.61E-06,-6.05E-06,3.40E-07,2.79E-07
583,0.00911908,0.00912303,-6.05E-06,-5.65E-06,4.09E-07,3.23E-07
584,0.00911194,0.00911751,-5.52E-06,-5.17E-06,4.79E-07,3.58E-07
585,0.00910525,0.00911259,-4.93E-06,-4.63E-06,5.32E-07,3.86E-07
586,0.00909988,0.00910834,-4.25E-06,-4.07E-06,5.64E-07,4.05E-07
587,0.00909672,0.00910483,-3.51E-06,-3.50E-06,5.72E-07,4.13E-07
588,0.00909489,0.00910205,-2.78E-06,-2.95E-06,5.50E-07,4.11E-07
589,0.00909261,0.00909989,-2.16E-06,-2.45E-06,5.01E-07,3.96E-07
590,0.00909034,0.00909839,-1.51E-06,-2.00E-06,4.52E-07,3.71E-07
591,0.00908939,0.00909762,-7.71E-07,-1.59E-06,4.09E-07,3.35E-07
592,0.00908933,0.00909746,-1.52E-07,-1.22E-06,3.65E-07,2.86E-07
593,0.00909148,0.00909775,2.90E-07,-9.05E-07,3.16E-07,2.28E-07
594,0.00909406,0.00909825,4.96E-07,-6.63E-07,2.42E-07,1.62E-07
595,0.00909665,0.00909869,4.37E-07,-5.12E-07,1.51E-07,9.22E-08
596,0.00910013,0.00909898,2.90E-07,-4.53E-07,5.90E-08,2.31E-08
597,0.00910404,0.00909915,1.72E-07,-4.86E-07,-3.34E-08,-4.32E-08
598,0.00910751,0.00909923,8.37E-08,-6.22E-07,-1.36E-07,-1.06E-07
599,0.00910966,0.0090992,-3.41E-08,-8.69E-07,-2.48E-07,-1.66E-07
600,0.0091096,0.00909902,-1.82E-07,-1.22E-06,-3.48E-07,-2.22E-07
601,0.00910733,0.00909839,-6.24E-07,-1.64E-06,-4.26E-07,-2.74E-07
602,0.00910328,0.00909715,-1.24E-06,-2.11E-06,-4.72E-07,-3.18E-07
603,0.00909924,0.00909526,-1.89E-06,-2.60E-06,-4.87E-07,-3.50E-07
604,0.0090952,0.0090926,-2.66E-06,-3.10E-06,-4.93E-07,-3.70E-07
605,0.0090916,0.00908906,-3.54E-06,-3.59E-06,-4.93E-07,-3.79E-07
606,0.00908888,0.00908458,-4.48E-06,-4.08E-06,-4.87E-07,-3.75E-07
607,0.00908661,0.00907921,-5.37E-06,-4.55E-06,-4.77E-07,-3.56E-07
608,0.00908212,0.0090731,-6.11E-06,-5.02E-06,-4.62E-07,-3.23E-07
609,0.00907543,0.00906653,-6.58E-06,-5.43E-06,-4.11E-07,-2.79E-07
610,0.00906829,0.00905965,-6.87E-06,-5.76E-06,-3.32E-07,-2.29E-07
611,0.00906027,0.00905255,-7.11E-06,-6.01E-06,-2.52E-07,-1.75E-07
612,0.00905092,0.00904532,-7.23E-06,-6.17E-06,-1.65E-07,-1.19E-07
613,0.00904025,0.00903809,-7.23E-06,-6.24E-06,-6.68E-08,-6.13E-08
614,0.00902913,0.0090309,-7.20E-06,-6.20E-06,3.93E-08,-4.45E-09
615,0.00901801,0.00902379,-7.11E-06,-6.06E-06,1.40E-07,5.14E-08
616,0.00900867,0.00901701,-6.78E-06,-5.83E-06,2.30E-07,1.05E-07
617,0.0090002,0.00901078,-6.22E-06,-5.54E-06,2.89E-07,1.54E-07
618,0.00899262,0.00900512,-5.66E-06,-5.22E-06,3.22E-07,1.94E-07
619,0.00898681,0.00899999,-5.13E-06,-4.87E-06,3.48E-07,2.26E-07
620,0.00898321,0.00899544,-4.54E-06,-4.51E-06,3.65E-07,2.50E-07
621,0.00898094,0.00899155,-3.90E-06,-4.14E-06,3.65E-07,2.64E-07
622,0.00897999,0.00898827,-3.28E-06,-3.78E-06,3.60E-07,2.68E-07
623,0.00898037,0.00898561,-2.66E-06,-3.44E-06,3.48E-07,2.62E-07
624,0.00898207,0.00898337,-2.24E-06,-3.12E-06,3.16E-07,2.45E-07
625,0.00898334,0.00898133,-2.04E-06,-2.85E-06,2.67E-07,2.22E-07
626,0.00898327,0.00897944,-1.89E-06,-2.62E-06,2.28E-07,1.95E-07
627,0.00898277,0.0089777,-1.74E-06,-2.43E-06,1.95E-07,1.65E-07
628,0.00898182,0.00897595,-1.74E-06,-2.28E-06,1.49E-07,1.33E-07
629,0.00897999,0.00897415,-1.80E-06,-2.18E-06,9.63E-08,1.00E-07
630,0.00897815,0.00897226,-1.89E-06,-2.14E-06,4.52E-08,6.80E-08
631,0.008975,0.00897022,-2.04E-06,-2.15E-06,-1.38E-08,3.55E-08
632,0.00896963,0.00896801,-2.22E-06,-2.22E-06,-6.29E-08,4.19E-09
633,0.00896426,0.00896576,-2.24E-06,-2.30E-06,-8.84E-08,-2.41E-08
634,0.00896066,0.00896355,-2.22E-06,-2.40E-06,-1.00E-07,-5.12E-08
635,0.00895706,0.00896124,-2.30E-06,-2.52E-06,-1.12E-07,-7.79E-08
636,0.0089539,0.00895879,-2.45E-06,-2.64E-06,-1.20E-07,-1.02E-07
637,0.00895162,0.00895619,-2.60E-06,-2.76E-06,-1.28E-07,-1.22E-07
638,0.00894979,0.00895333,-2.86E-06,-2.90E-06,-1.40E-07,-1.38E-07
639,0.00894885,0.00895014,-3.19E-06,-3.06E-06,-1.53E-07,-1.46E-07
640,0.00894967,0.00894678,-3.36E-06,-3.21E-06,-1.57E-07,-1.47E-07
641,0.00895004,0.00894338,-3.39E-06,-3.39E-06,-1.79E-07,-1.41E-07
642,0.00894821,0.00893996,-3.42E-06,-3.60E-06,-2.06E-07,-1.32E-07
643,0.00894505,0.00893642,-3.54E-06,-3.81E-06,-2.16E-07,-1.19E-07
644,0.00894101,0.0089327,-3.72E-06,-4.02E-06,-2.06E-07,-1.02E-07
645,0.0089352,0.00892872,-3.98E-06,-4.21E-06,-1.85E-07,-8.25E-08
646,0.00892718,0.00892438,-4.34E-06,-4.35E-06,-1.41E-07,-5.89E-08
647,0.00891916,0.00891981,-4.57E-06,-4.42E-06,-7.27E-08,-3.09E-08
648,0.00891335,0.00891488,-4.93E-06,-4.42E-06,-3.92E-09,-7.85E-10
649,0.00890931,0.00890957,-5.31E-06,-4.38E-06,4.72E-08,3.24E-08
650,0.00890394,0.00890402,-5.55E-06,-4.29E-06,8.25E-08,6.90E-08
651,0.00889813,0.00889848,-5.55E-06,-4.17E-06,1.24E-07,1.08E-07
652,0.00889187,0.00889311,-5.37E-06,-4.00E-06,1.69E-07,1.45E-07
653,0.00888473,0.00888812,-4.99E-06,-3.79E-06,2.14E-07,1.80E-07
654,0.00888025,0.00888384,-4.28E-06,-3.52E-06,2.67E-07,2.10E-07
655,0.00887576,0.00888042,-3.42E-06,-3.23E-06,2.95E-07,2.30E-07
656,0.00887039,0.00887773,-2.69E-06,-2.91E-06,3.18E-07,2.40E-07
657,0.00886502,0.00887555,-2.19E-06,-2.56E-06,3.44E-07,2.41E-07
658,0.00886187,0.00887386,-1.68E-06,-2.20E-06,3.64E-07,2.36E-07
659,0.00886048,0.00887268,-1.18E-06,-1.84E-06,3.58E-07,2.23E-07
660,0.00886041,0.00887191,-7.71E-07,-1.51E-06,3.36E-07,2.04E-07
661,0.008863,0.00887158,-3.29E-07,-1.20E-06,3.03E-07,1.79E-07
662,0.0088678,0.00887143,-1.52E-07,-9.67E-07,2.36E-07,1.48E-07
663,0.00887304,0.00887128,-1.52E-07,-8.18E-07,1.49E-07,1.14E-07
664,0.00887652,0.00887112,-1.52E-07,-7.55E-07,6.29E-08,7.73E-08
665,0.00887866,0.00887103,-9.30E-08,-7.57E-07,-1.97E-09,3.85E-08
666,0.00888037,0.00887085,-1.82E-07,-8.20E-07,-6.29E-08,-3.01E-09
667,0.00888031,0.00887052,-3.29E-07,-9.40E-07,-1.20E-07,-4.44E-08
668,0.0088798,0.00887007,-4.47E-07,-1.10E-06,-1.59E-07,-8.44E-08
669,0.00887797,0.00886933,-7.41E-07,-1.30E-06,-2.00E-07,-1.23E-07
670,0.00887349,0.00886815,-1.18E-06,-1.52E-06,-2.22E-07,-1.57E-07
671,0.00886811,0.00886641,-1.74E-06,-1.75E-06,-2.26E-07,-1.84E-07
672,0.00886363,0.00886419,-2.22E-06,-1.99E-06,-2.38E-07,-2.03E-07
673,0.00885914,0.00886156,-2.63E-06,-2.24E-06,-2.59E-07,-2.14E-07
674,0.00885555,0.00885858,-2.98E-06,-2.51E-06,-2.63E-07,-2.19E-07
675,0.00885371,0.00885542,-3.16E-06,-2.77E-06,-2.63E-07,-2.18E-07
676,0.00885188,0.00885209,-3.34E-06,-3.04E-06,-2.73E-07,-2.13E-07
677,0.00885005,0.0088486,-3.48E-06,-3.32E-06,-2.73E-07,-2.04E-07
678,0.00884689,0.00884506,-3.54E-06,-3.57E-06,-2.57E-07,-1.91E-07
679,0.00884329,0.00884134,-3.72E-06,-3.79E-06,-2.18E-07,-1.76E-07
680,0.00883925,0.00883736,-3.98E-06,-3.97E-06,-1.79E-07,-1.58E-07
681,0.00883565,0.00883323,-4.13E-06,-4.11E-06,-1.40E-07,-1.36E-07
682,0.00883293,0.00882895,-4.28E-06,-4.22E-06,-1.04E-07,-1.11E-07
683,0.00882977,0.00882441,-4.54E-06,-4.30E-06,-8.25E-08,-8.61E-08
684,0.00882573,0.00881957,-4.84E-06,-4.36E-06,-5.89E-08,-5.91E-08
685,0.00882036,0.00881453,-5.04E-06,-4.39E-06,-3.14E-08,-3.08E-08
686,0.00881234,0.00880951,-5.02E-06,-4.39E-06,-5.89E-09,-3.01E-09
687,0.00880388,0.00880461,-4.90E-06,-4.36E-06,3.54E-08,2.08E-08
688,0.00879718,0.00879989,-4.72E-06,-4.28E-06,7.86E-08,4.05E-08
689,0.00879137,0.00879535,-4.54E-06,-4.18E-06,1.02E-07,5.66E-08
690,0.00878556,0.00879095,-4.40E-06,-4.06E-06,1.16E-07,6.96E-08
691,0.00877931,0.00878673,-4.22E-06,-3.93E-06,1.32E-07,8.03E-08
692,0.00877438,0.00878278,-3.95E-06,-3.78E-06,1.51E-07,8.88E-08
693,0.00877166,0.00877915,-3.63E-06,-3.62E-06,1.59E-07,9.44E-08
694,0.00876983,0.00877596,-3.19E-06,-3.48E-06,1.40E-07,9.68E-08
695,0.00876844,0.00877316,-2.80E-06,-3.36E-06,1.16E-07,9.42E-08
696,0.00876749,0.00877056,-2.60E-06,-3.26E-06,1.02E-07,8.66E-08
697,0.00876699,0.00876802,-2.54E-06,-3.17E-06,9.04E-08,7.64E-08
698,0.00876648,0.00876545,-2.57E-06,-3.09E-06,7.86E-08,6.55E-08
699,0.00876642,0.00876288,-2.57E-06,-3.02E-06,6.88E-08,5.48E-08
700,0.00876591,0.00876022,-2.66E-06,-2.97E-06,5.31E-08,4.36E-08
701,0.00876452,0.0087573,-2.92E-06,-2.94E-06,2.95E-08,3.33E-08
702,0.00876181,0.00875414,-3.16E-06,-2.95E-06,-3.92E-09,2.69E-08
703,0.00875821,0.00875096,-3.19E-06,-2.98E-06,-3.54E-08,2.45E-08
704,0.00875328,0.00874777,-3.19E-06,-3.03E-06,-5.11E-08,2.37E-08
705,0.00874703,0.00874455,-3.22E-06,-3.08E-06,-4.72E-08,2.38E-08
